year,country_name,total_fertility_rate,child_mortality_rate,food_production_index,percent_of_household_expenditure_in_gdp,gdp_per_capita_2015_dollar,physicians_per_1000
1990,Argentina,3.034,28.8,50.98,77.13937288,8144.494294,2.68
1990,Brazil,2.905,63.0,38.46,59.30249784,6086.077553,1.074
1990,France,1.77,9.0,101.62,55.2059426,28617.44357,3.118
1990,Germany,1.45,8.5,99.54,56.346298,29485.70997,
1990,Poland,2.06,17.4,116.13,,5111.34533,2.145
1990,Nigeria,6.459,209.6,39.15,,1608.779561,
1990,Kenya,6.129,100.9,42.71,62.38967339,1313.859163,
1990,United Kingdom,1.83,9.3,97.83,66.45464914,30874.50893,1.618
1990,China,2.514,53.7,35.78,49.99260181,905.0324572,1.129
1990,Japan,1.54,6.3,108.84,50.46461582,28422.21312,1.649
1991,Argentina,3.012,28.3,52.87,80.44422596,8762.661384,
1991,Brazil,2.815,60.2,40.32,61.56819162,6043.432634,
1991,France,1.75,8.6,98.44,55.0567232,28664.13188,3.171
1991,Germany,1.33,8.0,92.12,56.03827721,30766.92896,2.762
1991,Poland,2.07,16.9,108.31,,4735.927698,2.173
1991,Nigeria,6.426,209.1,44.38,,1573.702248,
1991,Kenya,5.935,104.0,53.64,63.51437586,1290.633547,
1991,United Kingdom,1.82,8.7,98.39,67.09445202,30439.64586,1.633
1991,China,1.934,53.2,37.33,47.9171579,975.4629156,
1991,Japan,1.53,6.2,108.74,49.95509941,29308.27409,
1992,Argentina,2.987,27.6,53.03,81.85652656,9327.859451,2.645
1992,Brazil,2.719,57.2,42.55,61.51919593,5911.687023,1.128
1992,France,1.74,8.1,102.42,55.11126162,28977.8889,3.223
1992,Germany,1.29,7.6,87.29,56.02029306,31121.07057,2.841
1992,Poland,1.95,16.5,93.4,,4840.168585,2.189
1992,Nigeria,6.391,208.3,47.68,,1605.548136,0.185
1992,Kenya,5.746,106.7,54.09,67.30425088,1242.018953,
1992,United Kingdom,1.79,8.2,100.87,68.15940372,30479.197,1.646
1992,China,1.776,52.2,39.58,45.27461981,1100.646116,
1992,Japan,1.5,6.1,112.22,50.70164067,29462.65397,1.702
1993,Argentina,2.966,26.6,53.09,69.20596257,9957.256522,
1993,Brazil,2.672,54.1,42.98,60.08239899,6103.377215,1.155
1993,France,1.73,7.5,96.96,55.367523,28670.88633,3.251
1993,Germany,1.28,7.2,86.23,56.65952744,30615.14021,2.937
1993,Poland,1.87,16.0,105.84,,5008.349089,2.228
1993,Nigeria,6.354,207.2,50.64,,1533.183686,0.192
1993,Kenya,5.574,108.7,53.68,63.12596642,1210.272533,0.138
1993,United Kingdom,1.76,7.7,97.93,69.11539858,31163.27534,1.684
1993,China,1.691,50.9,43.25,43.99616115,1239.129373,
1993,Japan,1.46,6.0,105.03,51.77879864,29232.43979,
1994,Argentina,2.935,25.4,55.66,69.92190499,10397.37929,
1994,Brazil,2.617,51.0,46.25,59.63732748,6358.678787,1.184
1994,France,1.73,7.0,98.15,55.00196209,29237.53551,3.286
1994,Germany,1.24,6.8,83.33,56.19195977,31238.87906,3.009
1994,Poland,1.81,15.3,88.17,,5262.315235,2.286
1994,Nigeria,6.319,205.9,52.48,,1467.091921,
1994,Kenya,5.446,109.6,54.88,62.41638725,1206.873242,
1994,United Kingdom,1.74,7.4,98.07,69.08732911,32279.53374,1.698
1994,China,1.628,49.3,45.76,44.08781767,1384.930157,
1994,Japan,1.5,5.9,110.73,52.72983177,29466.75525,1.772
1995,Argentina,2.864,24.2,58.99,68.56078874,9969.331576,
1995,Brazil,2.579,47.9,48.91,63.7064387,6524.518853,1.214
1995,France,1.74,6.5,100.3,54.71047951,29745.12873,3.307
1995,Germany,1.25,6.5,85.8,55.84225777,31628.15981,3.075
1995,Poland,1.62,14.4,96.32,59.29055816,5628.446239,2.329
1995,Nigeria,6.273,203.8,54.64,,1429.012072,
1995,Kenya,5.366,109.5,57.13,69.26173616,1225.143873,0.132
1995,United Kingdom,1.71,7.2,98.78,63.70654286,33009.30415,1.757
1995,China,1.588,47.5,50.15,45.7541657,1520.029469,1.194
1995,Japan,1.42,5.7,107.87,52.74382277,30171.16379,
1996,Argentina,2.781,23.0,57.09,68.52372765,10388.53871,
1996,Brazil,2.516,44.9,48.83,65.15739922,6567.352461,1.245
1996,France,1.75,6.1,105.96,55.12606746,30057.96555,3.326
1996,Germany,1.3,6.2,87.92,56.31072458,31790.86686,3.124
1996,Poland,1.59,13.2,98.56,61.23242347,5968.114357,2.365
1996,Nigeria,6.217,201.1,57.19,,1451.819572,
1996,Kenya,5.306,108.4,55.29,76.06955253,1241.878536,
1996,United Kingdom,1.73,7.0,98.0,64.04323989,33775.5009,1.798
1996,China,1.554,45.6,52.59,46.84924222,1653.433789,1.201
1996,Japan,1.43,5.5,105.66,52.44951052,31046.17015,1.841
1997,Argentina,2.706,21.9,61.91,69.32637095,11097.38206,
1997,Brazil,2.465,42.1,50.75,65.30962969,6689.199377,1.281
1997,France,1.77,5.8,106.73,54.13416235,30650.74448,3.343
1997,Germany,1.35,5.9,88.53,56.19172424,32313.29707,3.139
1997,Poland,1.51,12.0,93.0,62.12383894,6348.841217,2.373
1997,Nigeria,6.138,197.5,59.14,,1457.227896,
1997,Kenya,5.26,106.6,54.56,77.17953611,1214.847642,
1997,United Kingdom,1.72,6.9,97.74,65.65614823,35347.76354,1.855
1997,China,1.527,43.6,54.69,45.89575779,1787.766977,1.216
1997,Japan,1.39,5.2,106.02,52.60381194,31276.19308,
1998,Argentina,2.662,20.9,66.67,69.05335622,11391.94516,3.003
1998,Brazil,2.409,39.5,51.64,64.14230076,6613.983181,1.267
1998,France,1.78,5.6,107.26,53.95807074,31633.14775,3.355
1998,Germany,1.36,5.7,89.95,55.65254515,32959.07357,3.182
1998,Poland,1.44,10.9,101.65,62.00183494,6641.085312,2.347
1998,Nigeria,6.069,193.0,61.35,,1457.70111,
1998,Kenya,5.246,103.8,60.8,77.69400906,1221.524316,
1998,United Kingdom,1.71,6.8,97.66,66.17920262,36448.26422,1.899
1998,China,1.522,41.4,57.94,45.50532406,1909.622328,1.214
1998,Japan,1.38,5.0,101.28,52.99932488,30795.08889,1.89
1999,Argentina,2.643,20.1,68.32,70.14226507,10880.20621,
1999,Brazil,2.331,37.0,55.27,64.68011944,6551.226671,1.364
1999,France,1.81,5.5,107.74,53.61302899,32546.93405,3.355
1999,Germany,1.36,5.5,92.66,56.19724396,33559.39937,3.217
1999,Poland,1.37,10.0,94.11,62.63413043,6950.797735,2.282
1999,Nigeria,6.082,187.9,64.06,,1429.405592,
1999,Kenya,5.181,100.3,62.02,78.58002959,1215.163924,
1999,United Kingdom,1.68,6.7,97.87,66.49770716,37440.79406,1.913
1999,China,1.53,39.1,60.65,46.20561664,2038.206474,1.244
1999,Japan,1.34,4.7,102.63,54.09736476,30636.26612,
2000,Argentina,2.591,19.4,69.14,69.3320118,10672.72204,
2000,Brazil,2.255,34.6,56.86,64.59270034,6745.857771,
2000,France,1.89,5.4,103.54,53.85737039,33592.46683,3.375
2000,Germany,1.38,5.4,93.72,56.29925703,34490.07577,3.272
2000,Poland,1.37,9.3,93.24,63.83698761,7344.120761,2.208
2000,Nigeria,6.124,182.5,64.5,,1462.535997,0.269
2000,Kenya,5.137,96.1,58.55,78.29077157,1187.32581,
2000,United Kingdom,1.64,6.5,95.57,66.14250985,38918.45506,1.994
2000,China,1.628,36.7,63.37,46.73235842,2193.896866,1.268
2000,Japan,1.36,4.5,101.97,53.66877113,31430.63113,1.935
2001,Argentina,2.531,18.8,69.29,68.91198431,10090.65344,3.2481
2001,Brazil,2.183,32.4,59.51,64.10770837,6749.881603,
2001,France,1.9,5.3,99.36,54.12079053,34009.8624,3.408
2001,Germany,1.35,5.2,94.16,56.46404669,35011.06846,3.327
2001,Poland,1.31,8.8,94.16,64.60933941,7438.603435,2.243
2001,Nigeria,6.139,177.0,64.33,,1508.55359,
2001,Kenya,5.091,91.2,66.11,79.57030879,1195.443778,
2001,United Kingdom,1.63,6.4,88.34,66.16646381,39768.66635,2.043
2001,China,1.563,34.1,64.45,45.51980966,2359.572385,1.287
2001,Japan,1.33,4.3,99.95,54.42205916,31476.05207,
2002,Argentina,2.493,18.4,68.91,61.89842386,8895.319642,
2002,Brazil,2.103,30.3,63.61,61.89843503,6868.695907,
2002,France,1.88,5.1,104.46,53.97312935,34146.30627,3.435
2002,Germany,1.34,5.1,89.99,55.74177024,34883.05807,3.364
2002,Poland,1.25,8.4,91.16,66.5149825,7593.559655,2.279
2002,Nigeria,6.135,171.3,67.65,,1693.745727,
2002,Kenya,5.016,86.1,67.9,78.61447034,1166.065286,0.138
2002,United Kingdom,1.63,6.3,93.96,65.86757694,40310.30494,2.114
2002,China,1.566,31.5,67.12,44.91301883,2557.891612,1.143
2002,Japan,1.32,4.1,100.92,55.06246488,31416.12418,1.979
2003,Argentina,2.451,17.8,71.49,63.19780641,9581.969792,
2003,Brazil,2.023,28.3,68.05,61.84465042,6865.17325,
2003,France,1.89,4.9,95.96,54.24440075,34183.66334,3.454
2003,Germany,1.34,5.0,86.1,56.46346261,34619.66407,3.401
2003,Poland,1.22,8.1,88.01,65.01950063,7864.518264,2.408
2003,Nigeria,6.116,165.6,70.53,,1769.882237,0.262
2003,Kenya,4.907,81.1,69.79,77.1191802,1165.166103,
2003,United Kingdom,1.7,6.2,91.97,65.34966074,41385.54047,2.201
2003,China,1.57,28.9,68.08,42.707785,2797.176659,1.19
2003,Japan,1.29,4.0,97.92,54.89712551,31830.21758,
2004,Argentina,2.43,17.3,73.94,64.33150085,10341.64341,3.1857
2004,Brazil,2.002,26.4,70.89,60.20657719,7178.347485,
2004,France,1.92,4.8,104.2,54.05297711,34893.52981,3.473
2004,Germany,1.36,4.8,95.66,56.14301752,35034.08061,3.426
2004,Poland,1.23,7.8,94.52,64.42533472,8261.227441,2.266
2004,Nigeria,6.085,160.0,75.1,,1882.181986,
2004,Kenya,4.83,76.1,72.96,75.52468789,1188.570711,
2004,United Kingdom,1.75,6.1,92.39,65.1328369,42149.27034,2.331
2004,China,1.605,26.3,71.68,40.6109056,3061.833173,1.22
2004,Japan,1.29,3.9,98.71,54.73026208,32515.1158,2.031
2005,Argentina,2.426,16.7,83.0,63.02939215,11141.31067,
2005,Brazil,1.974,24.7,71.33,60.50425181,7325.90355,
2005,France,1.94,4.6,100.25,54.39488534,35208.8558,3.476
2005,Germany,1.34,4.7,92.16,56.53853717,35310.47047,3.448
2005,Poland,1.24,7.6,88.53,63.08562083,8554.693897,2.115
2005,Nigeria,6.068,154.6,79.33,,1950.122368,0.279
2005,Kenya,4.784,71.0,81.11,75.39938901,1221.859289,
2005,United Kingdom,1.76,6.0,93.13,64.54517572,43007.36292,2.408
2005,China,1.624,24.0,74.57,39.58687836,3390.716159,1.244
2005,Japan,1.26,3.7,99.65,54.80194383,33098.54747,
2006,Argentina,2.4,16.2,82.05,63.27018804,11913.95853,
2006,Brazil,1.927,23.2,75.18,60.43767644,7534.5425,
2006,France,2.0,4.5,96.0,54.23642332,35821.87199,3.469
2006,Germany,1.33,4.6,90.14,55.68542774,36699.44678,3.487
2006,Poland,1.27,7.3,86.25,62.11443282,9084.949214,2.156
2006,Nigeria,6.081,149.7,84.33,,2013.274011,0.344
2006,Kenya,4.748,66.7,82.95,76.23178007,1262.814666,
2006,United Kingdom,1.82,5.9,92.57,63.71234982,43711.15502,2.46
2006,China,1.644,21.9,76.14,37.75197952,3800.765796,1.278
2006,Japan,1.32,3.6,97.69,55.02901694,33531.51856,2.083
2007,Argentina,2.37,15.8,89.82,62.53123291,12857.09258,
2007,Brazil,1.881,21.8,79.93,59.87494756,7909.825247,
2007,France,1.98,4.4,95.01,54.11628961,36464.95927,3.449
2007,Germany,1.37,4.5,91.83,53.99391891,37842.35779,3.533
2007,Poland,1.31,7.0,92.53,60.40944566,9731.769454,2.168
2007,Nigeria,6.08,145.2,79.1,,2088.60443,0.373
2007,Kenya,4.719,62.8,87.81,74.85466096,1309.895639,
2007,United Kingdom,1.86,5.8,90.72,63.61358688,44508.6058,2.492
2007,China,1.666,20.1,78.0,36.36952582,4319.031398,1.298
2007,Japan,1.34,3.5,99.43,54.83529295,33990.03603,
2008,Argentina,2.341,15.4,91.03,63.07458348,13246.63489,
2008,Brazil,1.842,20.6,85.18,59.73079267,8231.100373,
2008,France,2.01,4.4,99.74,54.46591514,36354.65866,3.443
2008,Germany,1.38,4.4,96.41,54.22467789,38278.31301,3.58
2008,Poland,1.39,6.7,92.96,61.95083741,10139.11914,2.139
2008,Nigeria,6.078,141.3,84.11,,2170.058816,0.371
2008,Kenya,4.646,58.5,88.32,75.32755981,1274.404679,0.169
2008,United Kingdom,1.91,5.6,94.69,63.7124749,44060.0031,2.571
2008,China,1.701,18.5,82.67,35.28788015,4711.643449,1.347
2008,Japan,1.37,3.4,99.94,55.76379845,33557.6454,2.147
2009,Argentina,2.344,15.0,76.08,62.97814769,12336.86194,
2009,Brazil,1.825,19.5,84.14,61.9564599,8142.761048,
2009,France,2.0,4.3,100.92,55.37744355,35129.36224,3.394
2009,Germany,1.36,4.3,98.31,56.44073549,36190.39289,3.648
2009,Poland,1.4,6.3,95.77,61.6705235,10419.21487,2.148
2009,Nigeria,6.039,138.0,75.54,,2281.386346,0.373
2009,Kenya,4.514,55.2,89.82,72.47434243,1278.140902,0.171
2009,United Kingdom,1.89,5.4,92.54,64.28607401,41709.96617,2.653
2009,China,1.714,17.0,85.1,35.32729591,5128.904128,1.423
2009,Japan,1.37,3.3,98.31,57.61411925,31651.08377,
2010,Argentina,2.346,14.5,88.2,64.23411476,13551.33919,
2010,Brazil,1.81,18.6,89.08,60.22282916,8673.898383,
2010,France,2.03,4.2,98.59,55.35569033,35638.12156,3.397
2010,Germany,1.39,4.2,94.55,55.10868039,37760.91363,3.734
2010,Poland,1.41,6.0,91.19,62.13266052,10755.65644,2.156
2010,Nigeria,5.98,135.3,85.24,,2397.323545,
2010,Kenya,4.367,53.3,98.14,72.82572138,1342.768702,0.172
2010,United Kingdom,1.92,5.2,94.39,63.8534136,42310.74991,2.656
2010,China,1.687,15.7,87.79,34.32634109,5647.068727,1.463
2010,Japan,1.39,3.2,96.15,56.86856542,32942.20208,2.213
2011,Argentina,2.338,13.9,92.78,64.22032128,14200.26989,
2011,Brazil,1.8,17.9,92.3,60.27385176,8935.277314,1.843
2011,France,2.01,4.2,100.92,54.98251285,36244.18716,3.172
2011,Germany,1.39,4.1,95.21,54.38668528,39977.34171,3.822
2011,Poland,1.33,5.7,93.24,61.47778026,11291.90359,2.181
2011,Nigeria,5.918,132.9,78.94,,2455.746494,
2011,Kenya,4.219,52.1,93.55,76.01175636,1374.544246,0.177
2011,United Kingdom,1.91,5.0,96.67,63.96441696,42462.10673,2.691
2011,China,1.668,14.6,90.95,34.92042834,6152.696873,1.489
2011,Japan,1.39,3.2,94.97,57.22006823,33011.13423,
2012,Argentina,2.33,13.3,86.64,64.90339911,13895.63371,
2012,Brazil,1.767,17.2,91.55,61.41186683,9025.313996,
2012,France,2.01,4.1,97.79,54.71887262,36182.15113,3.188
2012,Germany,1.41,4.0,96.12,54.9069504,40069.35396,3.892
2012,Poland,1.33,5.4,96.02,61.61865001,11466.41593,2.201
2012,Nigeria,5.832,130.9,86.95,,2490.213111,
2012,Kenya,4.088,51.3,96.4,75.20151804,1401.490825,0.185
2012,United Kingdom,1.92,4.8,90.81,64.19101192,42805.84252,2.697
2012,China,1.798,13.5,93.74,35.38653491,6591.662494,1.565
2012,Japan,1.41,3.0,96.88,57.67911944,33518.44494,2.284
2013,Argentina,2.322,12.8,94.03,65.98756553,14071.50868,3.9385
2013,Brazil,1.748,16.7,97.65,61.71525008,9216.13228,1.876
2013,France,1.99,4.1,96.25,54.63569856,36203.19087,3.209
2013,Germany,1.42,4.0,97.08,54.55684991,40135.01583,3.984
2013,Poland,1.29,5.2,95.19,61.09435712,11571.61485,2.208
2013,Nigeria,5.738,129.1,84.66,,2585.647196,0.376
2013,Kenya,3.952,50.1,101.73,76.49696253,1420.078692,0.194
2013,United Kingdom,1.83,4.6,92.79,64.73095571,43282.20975,2.706
2013,China,1.714,12.5,95.75,35.83313112,7056.423092,1.661
2013,Japan,1.43,2.9,100.92,58.13846101,34239.88625,
2014,Argentina,2.312,12.2,95.14,65.38307973,13567.94842,
2014,Brazil,1.767,16.3,98.98,62.95957071,9183.459727,
2014,France,2.0,4.1,102.48,54.30970362,36378.61866,3.225
2014,Germany,1.47,4.0,102.97,53.42225092,40851.16173,4.064
2014,Poland,1.32,5.0,101.74,60.27013581,12024.60951,2.273
2014,Nigeria,5.664,127.7,95.48,,2677.493581,
2014,Kenya,3.844,48.9,102.26,76.06804651,1457.543066,0.2
2014,United Kingdom,1.81,4.5,100.68,64.35844241,44337.67864,2.742
2014,China,1.769,11.5,97.62,36.70789836,7532.785301,1.715
2014,Japan,1.42,2.8,100.86,57.63158453,34386.90586,2.354
2015,Argentina,2.301,11.8,103.91,65.90583734,13789.06042,3.973
2015,Brazil,1.777,15.9,101.68,63.96479727,8783.215424,
2015,France,1.96,4.2,102.22,54.04624751,36652.92231,3.24
2015,Germany,1.5,3.9,99.27,52.97004805,41103.25644,4.12
2015,Poland,1.32,4.9,96.53,58.91482265,12560.05142,2.294
2015,Nigeria,5.616,126.2,97.74,,2679.554223,
2015,Kenya,3.8,47.5,102.07,75.51675787,1496.653573,
2015,United Kingdom,1.8,4.5,101.35,64.09373368,44964.39114,2.773
2015,China,1.67,10.7,101.33,37.77300366,8016.445595,1.8
2015,Japan,1.45,2.8,99.72,55.77079666,34960.63938,
2016,Argentina,2.241,11.4,100.95,65.72189147,13360.21183,3.987
2016,Brazil,1.709,16.7,99.34,64.2514796,8426.843221,
2016,France,1.92,4.2,95.29,54.26329455,36956.7958,3.255
2016,Germany,1.6,3.9,97.76,52.75448682,41682.03224,4.187
2016,Poland,1.39,4.8,101.73,58.8300269,12936.57326,2.381
2016,Nigeria,5.584,124.5,106.78,,2570.959759,0.443
2016,Kenya,3.724,46.3,95.67,76.40732156,1525.743551,
2016,United Kingdom,1.79,4.4,97.98,64.74271268,45482.17829,2.783
2016,China,1.772,9.9,101.05,38.67498195,8516.528742,1.891
2016,Japan,1.44,2.7,99.42,54.70149969,35242.19938,2.426
2017,Argentina,2.168,11.0,105.91,66.73957332,13595.03736,3.979
2017,Brazil,1.736,15.3,106.98,64.49430634,8470.940604,2.158
2017,France,1.89,4.2,101.33,53.98438649,37694.0833,3.275
2017,Germany,1.57,3.9,97.5,52.10840608,42639.55441,4.251
2017,Poland,1.48,4.6,106.19,59.45468869,13599.81802,2.343
2017,Nigeria,5.523,122.4,109.08,,2526.99961,
2017,Kenya,3.643,45.4,90.64,77.91296198,1550.203457,
2017,United Kingdom,1.74,4.4,102.21,64.19844205,46373.63853,2.814
2017,China,1.813,9.2,102.37,38.54274622,9053.228725,2.006
2017,Japan,1.43,2.6,99.87,54.61369476,35861.97285,
2018,Argentina,2.039,10.6,97.51,69.47018229,13105.39716,
2018,Brazil,1.749,15.0,107.51,64.61607497,8553.865902,
2018,France,1.87,4.3,97.17,53.88176563,38259.69777,3.276
2018,Germany,1.57,3.8,91.87,52.09971921,42928.74124,4.311
2018,Poland,1.46,4.5,102.62,58.85367829,14408.38439,
2018,Nigeria,5.447,119.9,114.06,,2512.080475,0.376
2018,Kenya,3.58,44.3,100.31,77.10290786,1604.802932,0.161
2018,United Kingdom,1.68,4.4,99.59,64.65968562,46740.55359,2.834
2018,China,1.554,8.6,103.42,38.52188052,9619.209475,2.124
2018,Japan,1.42,2.5,99.67,54.77466993,36138.52908,2.498
2019,Argentina,1.994,10.3,112.42,66.12758631,12716.2242,4.0685
2019,Brazil,1.703,14.8,109.12,65.14404739,8592.211207,2.303
2019,France,1.86,4.2,98.0,53.60917447,38832.0242,3.311
2019,Germany,1.54,3.7,94.41,51.9423104,43292.68389,4.391
2019,Poland,1.44,4.4,101.5,57.77953342,15053.23237,
2019,Nigeria,5.379,116.9,109.77,,2505.462239,0.367
2019,Kenya,3.469,43.4,107.28,77.4226613,1653.828985,
2019,United Kingdom,1.63,4.3,104.43,63.92079219,47240.59962,2.942
2019,China,1.496,8.0,104.25,39.24806213,10155.51088,2.258
2019,Japan,1.36,2.5,100.39,54.55458113,36043.7844,
2020,Argentina,1.911,10.0,108.57,65.70470681,11346.65211,3.895
2020,Brazil,1.649,14.5,111.97,63.14400091,8255.568013,
2020,France,1.83,4.2,93.7,53.19647843,35806.61789,3.324
2020,Germany,1.53,3.7,95.45,50.19981021,41601.97316,4.459
2020,Poland,1.39,4.4,111.87,56.52953023,14774.9892,3.714
2020,Nigeria,5.309,113.9,112.64,,2401.183415,
2020,Kenya,3.397,43.0,125.82,76.43936064,1616.502404,
2020,United Kingdom,1.56,4.3,98.14,59.2158963,42191.91737,3.041
2020,China,1.281,7.5,105.49,38.20031239,10358.17,2.387
2020,Japan,1.33,2.4,100.3,54.05305069,34650.79678,2.614
2021,Argentina,1.885,9.7,108.4,62.99008318,12444.31827,
2021,Brazil,1.641,14.3,112.13,61.36799664,8603.152214,2.142
2021,France,1.84,4.1,96.72,52.57505841,38002.19424,
2021,Germany,1.58,3.6,94.49,49.35769672,42900.02252,4.518
2021,Poland,1.33,4.4,110.69,56.1877732,15863.23111,
2021,Nigeria,5.237,110.6,117.33,,2429.58529,0.395
2021,Kenya,3.335,41.9,123.29,75.49614963,1705.74039,0.226
2021,United Kingdom,1.56,4.2,100.53,59.95134144,45889.61102,3.171
2021,China,1.164,7.0,109.89,38.11356525,11223.25535,
