year,country_name,gdp_per_capita_2015_dollar,physicians_per_1000,hospital_beds_per_1000,crop_production_index,life_expectancy_at_birth,total_fertility_rate
1990,Argentina,8144.494294,2.68,4.594299793,39.14,71.784,3.034
1990,Brazil,6086.077553,1.074,3.345299959,41.03,65.985,2.905
1990,France,28617.44357,3.118,9.699999809,98.6,76.6,1.77
1990,Germany,29485.70997,2.762,10.39999962,89.56,75.08563415,1.45
1990,Poland,5111.34533,2.145,5.699999809,128.14,70.8902439,2.06
1990,Nigeria,1608.779561,0.185,1.668200016,38.98,46.037,6.459
1990,Kenya,1313.859163,0.138,1.647199988,36.73,58.614,6.129
1990,United Kingdom,30874.50893,1.618,5.900000095,98.26,75.8804878,1.83
1990,China,905.0324572,1.129,2.579999924,40.1,68.005,2.514
1990,Japan,28422.21312,1.649,15.60000038,123.84,78.83707317,1.54
1991,Argentina,8762.661384,2.6625,4.596199830333333,42.3,72.319,3.012
1991,Brazil,6043.432634,1.101,3.3968666393333335,41.89,66.31,2.815
1991,France,28664.13188,3.171,9.600000382,91.09,76.84878049,1.75
1991,Germany,30766.92896,2.762,10.10000038,81.2,75.3195122,1.33
1991,Poland,4735.927698,2.173,5.699999809,117.55,70.58780488,2.07
1991,Nigeria,1573.702248,0.185,1.6213800144,44.86,45.691,6.426
1991,Kenya,1290.633547,0.138,1.6682666556666665,52.99,58.005,5.935
1991,United Kingdom,30439.64586,1.633,5.599999905,98.62,76.08292683,1.82
1991,China,975.4629156,1.142,2.599999905,41.28,68.169,1.934
1991,Japan,29308.27409,1.6755,15.60000038,123.21,79.03682927,1.53
1992,Argentina,9327.859451,2.645,4.598099867666667,43.01,72.43,2.987
1992,Brazil,5911.687023,1.128,3.4484333196666666,44.32,66.708,2.719
1992,France,28977.8889,3.223,9.399999619,100.14,77.1,1.74
1992,Germany,31121.07057,2.841,9.899999619,81.59,75.8195122,1.29
1992,Poland,4840.168585,2.189,5.599999905,95.57,71.0902439,1.95
1992,Nigeria,1605.548136,0.185,1.5745600128,48.45,45.668,6.391
1992,Kenya,1242.018953,0.138,1.6893333233333332,53.83,57.259,5.746
1992,United Kingdom,30479.197,1.646,5.400000095,102.32,76.43414634,1.79
1992,China,1100.646116,1.155,2.619999886,42.68,68.734,1.776
1992,Japan,29462.65397,1.702,15.60000038,129.02,79.0802439,1.5
1993,Argentina,9957.256522,2.7046666666666668,4.599999905,40.78,72.565,2.966
1993,Brazil,6103.377215,1.155,3.5,43.62,67.109,2.672
1993,France,28670.88633,3.251,9.300000191,90.41,77.3,1.73
1993,Germany,30615.14021,2.937,9.699999809,82.24,75.87073171,1.28
1993,Poland,5008.349089,2.228,5.599999905,124.11,71.59512195,1.87
1993,Nigeria,1533.183686,0.192,1.5277400112,50.95,45.788,6.354
1993,Kenya,1210.272533,0.138,1.7103999909999998,53.74,56.617,5.574
1993,United Kingdom,31163.27534,1.684,5.099999905,95.91,76.38536585,1.76
1993,China,1239.129373,1.168,2.630000114,45.5,69.216,1.691
1993,Japan,29232.43979,1.737,15.60000038,113.05,79.30365854,1.46
1994,Argentina,10397.37929,2.7643333333333335,4.163333257333333,43.86,73.172,2.935
1994,Brazil,6358.678787,1.184,3.369999965,47.23,67.568,2.617
1994,France,29237.53551,3.286,9.100000382,91.26,77.64878049,1.73
1994,Germany,31238.87906,3.009,9.699999809,79.25,76.27073171,1.24
1994,Poland,5262.315235,2.286,5.599999905,96.03,71.69512195,1.81
1994,Nigeria,1467.091921,0.203,1.4809200096,52.37,45.513,6.319
1994,Kenya,1206.873242,0.135,1.7314666586666665,55.37,56.273,5.446
1994,United Kingdom,32279.53374,1.698,4.800000191,91.29,76.88536585,1.74
1994,China,1384.930157,1.181,2.630000114,46.34,69.52,1.628
1994,Japan,29466.75525,1.772,15.5,128.21,79.69682927,1.5
1995,Argentina,9969.331576,2.824,3.7266666096666667,49.49,73.133,2.864
1995,Brazil,6524.518853,1.214,3.23999993,48.36,67.919,2.579
1995,France,29745.12873,3.307,8.899999619,93.05,77.75121951,1.74
1995,Germany,31628.15981,3.075,9.699999809,83.52,76.42195122,1.25
1995,Poland,5628.446239,2.329,5.5,109.48,71.89268293,1.62
1995,Nigeria,1429.012072,0.214,1.434100008,54.75,45.487,6.273
1995,Kenya,1225.143873,0.132,1.7525333263333331,58.7,55.617,5.366
1995,United Kingdom,33009.30415,1.757,4.800000191,91.59,76.83658537,1.71
1995,China,1520.029469,1.194,2.609999895,49.53,70.008,1.588
1995,Japan,30171.16379,1.8065,15.39999962,123.67,79.53609756,1.42
1996,Argentina,10388.53871,2.8836666666666666,3.289999962,47.35,73.307,2.781
1996,Brazil,6567.352461,1.245,3.109999895,45.54,68.409,2.516
1996,France,30057.96555,3.326,8.800000191,101.55,77.95365854,1.75
1996,Germany,31790.86686,3.124,9.600000382,87.51,76.67317073,1.3
1996,Poland,5968.114357,2.365,5.5,111.27,72.24634146,1.59
1996,Nigeria,1451.819572,0.225,1.3872800064,57.45,45.567,6.217
1996,Kenya,1241.878536,0.13285714285714287,1.773599994,55.96,55.161,5.306
1996,United Kingdom,33775.5009,1.798,4.599999905,102.21,77.08780488,1.73
1996,China,1653.433789,1.201,2.549999952,53.41,70.266,1.554
1996,Japan,31046.17015,1.841,15.19999981,120.18,80.2197561,1.43
1997,Argentina,11097.38206,2.9433333333333334,3.4924999715,53.49,73.09,2.706
1997,Brazil,6689.199377,1.281,3.02749992125,48.73,68.813,2.465
1997,France,30650.74448,3.343,8.600000382,101.95,78.30487805,1.77
1997,Germany,32313.29707,3.139,9.399999619,88.71,77.07317073,1.35
1997,Poland,6348.841217,2.373,5.400000095,100.69,72.64634146,1.51
1997,Nigeria,1457.227896,0.23600000000000002,1.3404600048,59.36,45.792,6.138
1997,Kenya,1214.847642,0.13371428571428573,1.7946666616666667,53.37,54.816,5.26
1997,United Kingdom,35347.76354,1.855,4.599999905,100.96,77.21097561,1.72
1997,China,1787.766977,1.216,2.549999952,54.75,70.672,1.527
1997,Japan,31276.19308,1.8655,15.10000038,121.48,80.42414634,1.39
1998,Argentina,11391.94516,3.003,3.6949999809999996,61.75,73.474,2.662
1998,Brazil,6613.983181,1.267,2.9449999475,49.63,69.189,2.409
1998,France,31633.14775,3.355,8.399999619,103.3,78.60487805,1.78
1998,Germany,32959.07357,3.182,9.300000191,92.38,77.47560976,1.36
1998,Poland,6641.085312,2.347,5.300000191,113.63,72.99756098,1.44
1998,Nigeria,1457.70111,0.247,1.2936400032,61.1,46.036,6.069
1998,Kenya,1221.524316,0.1345714285714286,1.8157333293333333,62.78,54.526,5.246
1998,United Kingdom,36448.26422,1.899,4.400000095,97.39,77.1902439,1.71
1998,China,1909.622328,1.214,2.529999971,56.45,71.172,1.522
1998,Japan,30795.08889,1.89,15.0,111.93,80.50146341,1.38
1999,Argentina,10880.20621,3.0847,3.8974999904999996,59.74,73.722,2.643
1999,Brazil,6551.226671,1.364,2.86249997375,52.84,69.524,2.331
1999,France,32546.93405,3.355,8.300000191,106.61,78.75609756,1.81
1999,Germany,33559.39937,3.217,9.199999809,96.44,77.72682927,1.36
1999,Poland,6950.797735,2.282,5.099999905,100.52,73.04390244,1.37
1999,Nigeria,1429.405592,0.258,1.2468200016,63.76,46.614,6.082
1999,Kenya,1215.163924,0.13542857142857143,1.836799997,62.19,54.495,5.181
1999,United Kingdom,37440.79406,1.913,4.199999809,99.81,77.3902439,1.68
1999,China,2038.206474,1.244,2.519999981,58.43,71.419,1.53
1999,Japan,30636.26612,1.9125,14.80000019,115.01,80.46097561,1.34
2000,Argentina,10672.72204,3.1664,4.1,60.89,73.926,2.591
2000,Brazil,6745.857771,1.4039166666666667,2.78,53.96,69.737,2.255
2000,France,33592.46683,3.375,8.25,103.98,79.05609756,1.89
2000,Germany,34490.07577,3.272,9.19,101.29,77.92682927,1.38
2000,Poland,7344.120761,2.208,4.900000095,101.87,73.74878049,1.37
2000,Nigeria,1462.535997,0.269,1.2,64.38,47.193,6.124
2000,Kenya,1187.32581,0.1362857142857143,1.8578666646666666,57.92,54.411,5.137
2000,United Kingdom,38918.45506,1.994,4.08,98.54,77.74146341,1.64
2000,China,2193.896866,1.268,1.71,61.97,71.881,1.628
2000,Japan,31430.63113,1.935,14.7,114.41,81.07609756,1.36
2001,Argentina,10090.65344,3.2481,4.08,63.93,74.186,2.531
2001,Brazil,6749.881603,1.4438333333333335,2.75,57.21,70.195,2.183
2001,France,34009.8624,3.408,8.12,95.4,79.15853659,1.9
2001,Germany,35011.06846,3.327,9.1,100.61,78.32926829,1.35
2001,Poland,7438.603435,2.243,5.25,103.88,74.2,1.31
2001,Nigeria,1508.55359,0.26666666666666666,1.025,63.49,47.619,6.139
2001,Kenya,1195.443778,0.13714285714285715,1.8789333323333333,66.82,54.508,5.091
2001,United Kingdom,39768.66635,2.043,4.04,86.81,77.99268293,1.63
2001,China,2359.572385,1.287,1.69,63.25,72.606,1.563
2001,Japan,31476.05207,1.957,14.61,113.41,81.41634146,1.33
2002,Argentina,8895.319642,3.2273,4.06,65.11,74.408,2.493
2002,Brazil,6868.695907,1.4837500000000001,2.56,60.96,70.41,2.103
2002,France,34146.30627,3.435,8.01,103.96,79.26097561,1.88
2002,Germany,34883.05807,3.364,8.99,91.73,78.22926829,1.34
2002,Poland,7593.559655,2.279,5.599999905,95.38,74.49756098,1.25
2002,Nigeria,1693.745727,0.26433333333333336,0.85,66.64,47.928,6.135
2002,Kenya,1166.065286,0.138,1.9,66.41,54.99,5.016
2002,United Kingdom,40310.30494,2.114,3.98,97.87,78.14390244,1.63
2002,China,2557.891612,1.143,1.73,66.02,72.985,1.566
2002,Japan,31416.12418,1.979,14.45,111.91,81.69073171,1.32
2003,Argentina,9581.969792,3.2065,4.04,67.6,74.08,2.451
2003,Brazil,6865.17325,1.5236666666666667,2.4,66.32,70.72,2.023
2003,France,34183.66334,3.454,7.84,89.85,79.11463415,1.89
2003,Germany,34619.66407,3.401,8.87,81.79,78.3804878,1.34
2003,Poland,7864.518264,2.408,6.61,87.46,74.59756098,1.22
2003,Nigeria,1769.882237,0.262,0.675,70.19,48.441,6.116
2003,Kenya,1165.166103,0.14316666666666666,1.65,67.58,55.601,4.907
2003,United Kingdom,41385.54047,2.201,3.95,93.0,78.44634146,1.7
2003,China,2797.176659,1.19,1.76,65.89,73.371,1.57
2003,Japan,31830.21758,2.005,14.27,106.01,81.76,1.29
2004,Argentina,10341.64341,3.1857,4.02,66.46,74.855,2.43
2004,Brazil,7178.347485,1.5635833333333333,2.45,68.9,71.131,2.002
2004,France,34893.52981,3.473,7.69,106.67,80.16341463,1.92
2004,Germany,35034.08061,3.426,8.71,103.86,78.6804878,1.36
2004,Poland,8261.227441,2.266,6.6,102.06,74.84634146,1.23
2004,Nigeria,1882.181986,0.2705,0.5,74.89,48.767,6.085
2004,Kenya,1188.570711,0.14833333333333334,1.4,69.09,56.361,4.83
2004,United Kingdom,42149.27034,2.331,3.86,94.77,78.74634146,1.75
2004,China,3061.833173,1.22,1.82,70.44,73.748,1.605
2004,Japan,32515.1158,2.031,14.2,107.94,82.0302439,1.29
2005,Argentina,11141.31067,3.2693444444444446,4.0,77.46,75.139,2.426
2005,Brazil,7325.90355,1.6035,2.5,67.94,71.753,1.974
2005,France,35208.8558,3.476,7.52,99.78,80.16341463,1.94
2005,Germany,35310.47047,3.448,8.6,96.0,78.93170732,1.34
2005,Poland,8554.693897,2.115,6.45,89.34,74.99512195,1.24
2005,Nigeria,1950.122368,0.279,0.5,79.41,49.297,6.068
2005,Kenya,1221.859289,0.15350000000000003,1.4,78.4,57.344,4.784
2005,United Kingdom,43007.36292,2.408,3.72,94.57,79.04878049,1.76
2005,China,3390.716159,1.244,1.87,72.56,74.111,1.624
2005,Japan,33098.54747,2.0570000000000004,14.07,110.45,81.95512195,1.26
2006,Argentina,11913.95853,3.352988888888889,4.1,75.44,75.433,2.4
2006,Brazil,7534.5425,1.6434166666666667,2.45,71.56,72.037,1.927
2006,France,35821.87199,3.469,7.41,96.17,80.81219512,2.0
2006,Germany,36699.44678,3.487,8.42,90.6,79.13170732,1.33
2006,Poland,9084.949214,2.156,6.4,81.17,75.14390244,1.27
2006,Nigeria,2013.274011,0.344,0.5,85.08,49.73,6.081
2006,Kenya,1262.814666,0.15866666666666668,1.4,79.15,58.222,4.748
2006,United Kingdom,43711.15502,2.46,3.54,91.57,79.24878049,1.82
2006,China,3800.765796,1.278,1.95,74.41,74.504,1.644
2006,Japan,33531.51856,2.083,13.97,105.08,82.32195122,1.32
2007,Argentina,12857.09258,3.4366333333333334,4.2,85.6,75.006,2.37
2007,Brazil,7909.825247,1.6833333333333333,2.47,77.72,72.365,1.881
2007,France,36464.95927,3.449,7.35,93.28,81.11219512,1.98
2007,Germany,37842.35779,3.533,8.35,91.69,79.53414634,1.37
2007,Poland,9731.769454,2.168,6.36,90.34,75.24390244,1.31
2007,Nigeria,2088.60443,0.373,0.5,78.37,50.033,6.08
2007,Kenya,1309.895639,0.16383333333333333,1.4,83.84,58.865,4.719
2007,United Kingdom,44508.6058,2.492,3.39,86.86,79.44878049,1.86
2007,China,4319.031398,1.298,2.02,77.42,74.762,1.666
2007,Japan,33990.03603,2.115,13.87,108.09,82.50707317,1.34
2008,Argentina,13246.63489,3.520277777777778,4.3,87.18,75.641,2.341
2008,Brazil,8231.100373,1.72325,2.57,84.38,72.715,1.842
2008,France,36354.65866,3.443,7.18,100.16,81.21463415,2.01
2008,Germany,38278.31301,3.58,8.3,100.26,79.73658537,1.38
2008,Poland,10139.11914,2.139,6.55,95.01,75.54390244,1.39
2008,Nigeria,2170.058816,0.371,0.5,83.65,50.225,6.078
2008,Kenya,1274.404679,0.169,1.4,81.69,59.614,4.646
2008,United Kingdom,44060.0031,2.571,3.34,100.18,79.6,1.91
2008,China,4711.643449,1.347,2.17,82.16,74.872,1.701
2008,Japan,33557.6454,2.147,13.71,108.94,82.58756098,1.37
2009,Argentina,12336.86194,3.6039222222222222,4.4,62.18,75.936,2.344
2009,Brazil,8142.761048,1.7631666666666668,2.55,82.14,72.948,1.825
2009,France,35129.36224,3.394,6.92,103.75,81.41463415,2.0
2009,Germany,36190.39289,3.648,8.3,103.7,79.83658537,1.36
2009,Poland,10419.21487,2.148,6.58,99.11,75.69512195,1.4
2009,Nigeria,2281.386346,0.373,0.5,73.67,50.712,6.039
2009,Kenya,1278.140902,0.171,1.4,80.75,60.365,4.514
2009,United Kingdom,41709.96617,2.653,3.27,96.15,80.05121951,1.89
2009,China,5128.904128,1.423,2.33,83.79,75.343,1.714
2009,Japan,31651.08377,2.1799999999999997,13.61,104.43,82.93146341,1.37
2010,Argentina,13551.33919,3.6875666666666667,4.5,86.69,75.721,2.346
2010,Brazil,8673.898383,1.8030833333333334,2.55,87.79,73.182,1.81
2010,France,35638.12156,3.397,6.67,98.02,81.66341463,2.03
2010,Germany,37760.91363,3.734,8.29,91.64,79.98780488,1.39
2010,Poland,10755.65644,2.156,6.51,88.29,76.24634146,1.41
2010,Nigeria,2397.323545,0.37375,0.5,84.62,50.945,5.98
2010,Kenya,1342.768702,0.172,1.4,93.82,60.649,4.367
2010,United Kingdom,42310.74991,2.656,2.93,95.03,80.40243902,1.92
2010,China,5647.068727,1.463,2.51,86.35,75.599,1.687
2010,Japan,32942.20208,2.213,13.51,100.44,82.84268293,1.39
2011,Argentina,14200.26989,3.771211111111111,4.41,93.46,76.124,2.338
2011,Brazil,8935.277314,1.843,2.51,93.54,73.343,1.8
2011,France,36244.18716,3.172,6.6,100.82,82.11463415,2.01
2011,Germany,39977.34171,3.822,8.26,90.66,80.43658537,1.39
2011,Poland,11291.90359,2.181,6.53,92.25,76.69512195,1.33
2011,Nigeria,2455.746494,0.3745,0.5,78.01,51.357,5.918
2011,Kenya,1374.544246,0.177,1.3922222222222222,86.46,61.046,4.219
2011,United Kingdom,42462.10673,2.691,2.88,99.42,80.95121951,1.91
2011,China,6152.696873,1.489,2.73,90.95,75.903,1.668
2011,Japan,33011.13423,2.2485,13.38,100.36,82.59121951,1.39
2012,Argentina,13895.63371,3.8548555555555555,4.6,82.09,76.467,2.33
2012,Brazil,9025.313996,1.8595,2.47,90.56,73.552,1.767
2012,France,36182.15113,3.188,6.58,97.23,81.96829268,2.01
2012,Germany,40069.35396,3.892,8.22,94.85,80.53902439,1.41
2012,Poland,11466.41593,2.201,6.53,96.53,76.74634146,1.33
2012,Nigeria,2490.213111,0.37525,0.5,86.87,51.497,5.832
2012,Kenya,1401.490825,0.185,1.3844444444444444,92.55,61.115,4.088
2012,United Kingdom,42805.84252,2.697,2.8,85.71,80.90487805,1.92
2012,China,6591.662494,1.565,3.05,93.5,76.192,1.798
2012,Japan,33518.44494,2.284,13.33,101.42,83.09609756,1.41
2013,Argentina,14071.50868,3.9385,4.8,90.59,76.491,2.322
2013,Brazil,9216.13228,1.876,2.45,97.26,73.918,1.748
2013,France,36203.19087,3.209,6.52,96.03,82.2195122,1.99
2013,Germany,40135.01583,3.984,8.17,96.18,80.4902439,1.42
2013,Poland,11571.61485,2.208,6.51,95.65,77.0,1.29
2013,Nigeria,2585.647196,0.376,0.5,83.37,51.707,5.738
2013,Kenya,1420.078692,0.194,1.3766666666666667,100.34,61.389,3.952
2013,United Kingdom,43282.20975,2.706,2.75,89.62,81.00487805,1.83
2013,China,7056.423092,1.661,3.33,95.7,76.452,1.714
2013,Japan,34239.88625,2.319,13.28,101.07,83.33195122,1.43
2014,Argentina,13567.94842,3.95575,4.86,94.16,76.755,2.312
2014,Brazil,9183.459727,1.9465,2.44,98.65,74.306,1.767
2014,France,36378.61866,3.225,6.46,105.3,82.7195122,2.0
2014,Germany,40851.16173,4.064,8.14,107.61,81.0902439,1.47
2014,Poland,12024.60951,2.273,6.53,105.29,77.60243902,1.32
2014,Nigeria,2677.493581,0.3983333333333333,0.5,95.08,51.791,5.664
2014,Kenya,1457.543066,0.2,1.3688888888888888,101.59,61.816,3.844
2014,United Kingdom,44337.67864,2.742,2.72,104.19,81.30487805,1.81
2014,China,7532.785301,1.715,3.58,97.36,76.717,1.769
2014,Japan,34386.90586,2.354,13.18,101.89,83.58780488,1.42
2015,Argentina,13789.06042,3.973,4.97,104.14,76.76,2.301
2015,Brazil,8783.215424,2.017,2.35,102.82,74.332,1.777
2015,France,36652.92231,3.24,6.4,103.95,82.32195122,1.96
2015,Germany,41103.25644,4.12,8.09,97.52,80.64146341,1.5
2015,Poland,12560.05142,2.294,6.54,92.36,77.45121951,1.32
2015,Nigeria,2679.554223,0.4206666666666667,0.5,97.29,51.841,5.616
2015,Kenya,1496.653573,0.19025,1.3611111111111112,98.27,61.892,3.8
2015,United Kingdom,44964.39114,2.773,2.61,102.87,80.95609756,1.8
2015,China,8016.445595,1.8,3.82,101.49,76.977,1.67
2015,Japan,34960.63938,2.39,13.15,99.82,83.79390244,1.45
2016,Argentina,13360.21183,3.987,4.97,101.71,76.308,2.241
2016,Brazil,8426.843221,2.0875,2.32,98.53,74.442,1.709
2016,France,36956.7958,3.255,6.32,90.75,82.57317073,1.92
2016,Germany,41682.03224,4.187,8.06,94.87,80.9902439,1.6
2016,Poland,12936.57326,2.381,6.54,102.35,77.85121951,1.39
2016,Nigeria,2570.959759,0.443,0.5,107.64,52.043,5.584
2016,Kenya,1525.743551,0.1805,1.3533333333333333,100.15,62.163,3.724
2016,United Kingdom,45482.17829,2.783,2.57,92.94,81.15609756,1.79
2016,China,8516.528742,1.891,4.06,101.14,77.218,1.772
2016,Japan,35242.19938,2.426,13.11,98.3,83.98487805,1.44
2017,Argentina,13595.03736,3.979,5.02,106.82,76.833,2.168
2017,Brazil,8470.940604,2.158,2.3,109.59,74.827,1.736
2017,France,37694.0833,3.275,6.23,103.14,82.57560976,1.89
2017,Germany,42639.55441,4.251,8.01,95.45,80.99268293,1.57
2017,Poland,13599.81802,2.343,6.53,103.14,77.75365854,1.48
2017,Nigeria,2526.99961,0.4095,0.5,109.74,52.305,5.523
2017,Kenya,1550.203457,0.17075,1.3455555555555556,97.26,62.481,3.643
2017,United Kingdom,46373.63853,2.814,2.54,101.62,81.25609756,1.74
2017,China,9053.228725,2.006,4.34,103.12,77.248,1.813
2017,Japan,35861.97285,2.462,13.05,98.65,84.0997561,1.43
2018,Argentina,13105.39716,4.02375,3.71,92.2,76.999,2.039
2018,Brazil,8553.865902,2.2305,2.26,109.91,75.109,1.749
2018,France,38259.69777,3.276,6.16,95.93,82.67560976,1.87
2018,Germany,42928.74124,4.311,7.98,81.78,80.89268293,1.57
2018,Poland,14408.38439,2.8,6.44,93.26,77.60243902,1.46
2018,Nigeria,2512.080475,0.376,0.5,114.88,52.554,5.447
2018,Kenya,1604.802932,0.161,1.3377777777777777,108.89,62.676,3.58
2018,United Kingdom,46740.55359,2.834,2.5,91.3,81.25609756,1.68
2018,China,9619.209475,2.124,4.6,104.39,77.744,1.554
2018,Japan,36138.52908,2.498,13.0,96.95,84.21097561,1.42
2019,Argentina,12716.2242,4.0685,3.71,113.14,77.284,1.994
2019,Brazil,8592.211207,2.303,2.24,112.23,75.338,1.703
2019,France,38832.0242,3.311,6.1,98.39,82.82682927,1.86
2019,Germany,43292.68389,4.391,7.91,88.69,81.29268293,1.54
2019,Poland,15053.23237,3.257,6.09,90.07,77.90487805,1.44
2019,Nigeria,2505.462239,0.367,0.5,109.64,52.91,5.379
2019,Kenya,1653.828985,0.161,1.33,108.66,62.943,3.469
2019,United Kingdom,47240.59962,2.942,2.45,101.7,81.40487805,1.63
2019,China,10155.51088,2.258,4.83,107.84,77.968,1.496
2019,Japan,36043.7844,2.556,12.88,97.86,84.35634146,1.36
2020,Argentina,11346.65211,3.895,3.2,106.59,75.892,1.911
2020,Brazil,8255.568013,2.303,2.43,116.58,74.009,1.649
2020,France,35806.61789,3.324,6.0,89.97,82.17560976,1.83
2020,Germany,41601.97316,4.459,7.8,90.66,81.04146341,1.53
2020,Poland,14774.9892,3.714,6.11,107.75,76.5,1.39
2020,Nigeria,2401.183415,0.367,0.5,112.71,52.887,5.309
2020,Kenya,1616.502404,0.161,1.33,137.6,62.675,3.397
2020,United Kingdom,42191.91737,3.041,2.43,83.04,80.35121951,1.56
2020,China,10358.17,2.387,5.0,107.94,78.077,1.281
2020,Japan,34650.79678,2.614,12.72,95.99,84.56,1.33
