Time,Time Code,Country Name,Country Code,"Fertility rate, total (births per woman) [SP.DYN.TFRT.IN]",GDP (constant 2015 US$) [NY.GDP.MKTP.KD],GDP per capita (constant 2015 US$) [NY.GDP.PCAP.KD],GDP growth (annual %) [NY.GDP.MKTP.KD.ZG],"Physicians (per 1,000 people) [SH.MED.PHYS.ZS]","Hospital beds (per 1,000 people) [SH.MED.BEDS.ZS]",Arable land (hectares per person) [AG.LND.ARBL.HA.PC],Consumer price index (2010 = 100) [FP.CPI.TOTL],Crop production index (2014-2016 = 100) [AG.PRD.CROP.XD],Food production index (2014-2016 = 100) [AG.PRD.FOOD.XD],Households and NPISHs final consumption expenditure (% of GDP) [NE.CON.PRVT.ZS],"Life expectancy at birth, total (years) [SP.DYN.LE00.IN]","Mortality rate, infant (per 1,000 live births) [SP.DYN.IMRT.IN]","Mortality rate, under-5 (per 1,000 live births) [SH.DYN.MORT]","Educational attainment, at least Bachelor's or equivalent, population 25+, total (%) (cumulative) [SE.TER.CUAT.BA.ZS]","Labor force participation rate, female (% of female population ages 15+) (national estimate) [SL.TLF.CACT.FE.NE.ZS]","Children in employment, total (% of children ages 7-14) [SL.TLF.0714.ZS]"
1974,YR1974,Argentina,ARG,3.251,2.57E+11,10105.04951,5.533804396,,,0.966885574,,30.18,39.59,63.97287329,66.563,54.8,66.1,,,
1974,YR1974,Brazil,BRA,4.502,5.27E+11,4962.922366,8.153938685,,,0.307975976,,25.7,21.48,67.73728553,58.881,92.4,119,,,
1974,YR1974,France,FRA,2.18,1.11E+12,20813.4449,4.300919143,1.4,10.5,0.323465677,21.03814074,87.97,89.9,53.95093806,72.60487805,12.7,15.4,,,
1974,YR1974,Germany,DEU,1.51,1.59E+12,20141.93948,0.890068741,,,0.152214648,40.42795313,91.47,92.26,55.73318042,71.41892683,18.7,22,,,
1974,YR1974,Poland,POL,2.26,,,,1.6,,0.438375376,0.023312701,128.33,115.44,,71.11707317,25.6,29,,,
1974,YR1974,Nigeria,NGA,6.703,1.40E+11,2286.364765,11.16067455,,,0.418457583,0.141357436,25.19,24.72,,42.791,148.6,251.4,,,
1974,YR1974,Kenya,KEN,7.907,14907110912,1128.988828,4.065617349,,,0.265072214,1.262465277,21.18,23.23,64.42915056,55.634,84.3,135.5,,,
1974,YR1974,United Kingdom,GBR,1.92,1.20E+12,21412.35121,-2.484403897,1.1,,0.1256803,13.86109765,76.41,84.7,68.52347164,72.52439024,16,18.7,,,
1974,YR1974,China,CHN,4.17,2.84E+11,315.816664,2.310000003,0.92,1.850000024,0.109357472,,23.24,18.43,51.87961948,60.168,65.2,90.2,,,
1974,YR1974,Japan,JPN,2.05,1.77E+12,16046.78468,-1.225239828,1.1,,0.045187996,50.12072202,135.37,94.71,47.44899866,73.67219512,10.6,14,,46.5,
1975,YR1975,Argentina,ARG,3.301,2.57E+11,9935.938635,-0.028412104,1.869,,0.955844121,,28.91,40.54,58.12455339,67.081,52.8,63.3,,,
1975,YR1975,Brazil,BRA,4.415,5.54E+11,5097.708332,5.166649084,0.624,4.995100021,0.31114848,,25.86,22.25,63.6632018,59.353,90,115.6,,,
1975,YR1975,France,FRA,2.09,1.10E+12,20498.34808,-0.959884746,1.5,10.60000038,0.322680135,23.49664256,78.64,84.74,54.55408774,72.85365854,12.3,15,,38.66,
1975,YR1975,Germany,DEU,1.45,1.58E+12,20041.94799,-0.866738894,,,0.15305016,42.81738111,81.12,88.63,58.19853269,71.2592439,17.7,20.8,,,
1975,YR1975,Poland,POL,2.27,,,,1.6,,0.434541041,0.02383871,124.09,112.97,,70.56097561,24.6,27.9,,,
1975,YR1975,Nigeria,NGA,6.773,1.33E+11,2108.458988,-5.227747555,0.049,0.555800021,0.40952208,0.189368342,23.55,23.16,,43.662,143.9,243.4,,,
1975,YR1975,Kenya,KEN,7.877,15038621918,1101.576565,0.882203175,0.127,1.25,0.278349371,1.503850961,21.34,23.52,68.22094092,55.826,81.9,131.2,,,
1975,YR1975,United Kingdom,GBR,1.81,1.19E+12,21098.37436,-1.473649486,1.1,,0.122168115,17.21649343,62.05,80.22,68.02078628,72.72439024,15.4,18,,,
1975,YR1975,China,CHN,3.571,3.09E+11,337.344119,8.719999998,0.96,1.919999957,0.105838639,,23.72,18.9,50.2878763,60.917,61.5,84.7,,,
1975,YR1975,Japan,JPN,1.91,1.82E+12,16333.67482,3.091575916,1.1,,0.044320759,56.00051732,140.93,97.43,49.91860482,74.24707317,10,13.3,,45.7,
1976,YR1976,Argentina,ARG,3.339,2.52E+11,9581.841403,-2.018251517,,,0.945559414,,31.22,44.76,56.5967065,67.228,50.1,59.8,,,
1976,YR1976,Brazil,BRA,4.339,6.11E+11,5489.980064,10.25712953,,,0.328584318,,26.1,23.3,68.53949291,59.792,87.5,112,,32.37,
1976,YR1976,France,FRA,2.01,1.15E+12,21291.98899,4.356758903,1.5,10.60000038,0.317437329,25.7583109,77.77,84.97,54.59260781,73.10243902,11.8,14.4,,,
1976,YR1976,Germany,DEU,1.45,1.65E+12,21124.2557,4.949258377,,,0.154295004,44.6356773,74.23,86.53,58.09035317,71.71221951,16.6,19.6,,,
1976,YR1976,Poland,POL,2.3,,,,1.6,,0.429702849,0.024890727,133.49,117.93,,70.65609756,23.8,27,,,
1976,YR1976,Nigeria,NGA,6.806,1.45E+11,2234.860052,9.042351726,,,0.400350674,0.235384849,21.66,22.03,,44.721,139.3,235.7,,,
1976,YR1976,Kenya,KEN,7.843,15362548496,1089.367221,2.153964503,,,0.269460203,1.676027316,23.44,25.42,61.60566868,55.895,79.5,126.8,,,
1976,YR1976,United Kingdom,GBR,1.74,1.22E+12,21717.73594,2.910266106,1.2,,0.122642922,20.06746255,59.87,79.22,66.79372808,72.77560976,14.7,17.2,,,
1976,YR1976,China,CHN,3.235,3.04E+11,326.9494605,-1.570000002,1,2,0.104012994,,23.34,18.72,53.15197751,61.796,58,79.4,,,
1976,YR1976,Japan,JPN,1.85,1.89E+12,16801.92503,3.974984091,1.1,,0.043635558,61.25002618,133.98,94.56,50.22957626,74.68658537,9.4,12.5,,45.8,
1977,YR1977,Argentina,ARG,3.359,2.69E+11,10083.81518,6.934147757,,,0.935285085,,30.78,44.69,57.75347283,67.861,47,55.7,,29,
1977,YR1977,Brazil,BRA,4.267,6.41E+11,5626.716996,4.93432807,,,0.345015265,,28.73,24.64,69.09290415,60.24,85,108.3,,,
1977,YR1977,France,FRA,1.94,1.19E+12,21925.8324,3.464312004,1.6,10.80000019,0.318413261,28.20394781,74.38,82.57,54.42183523,73.35121951,11.4,13.9,,,
1977,YR1977,Germany,DEU,1.4,1.71E+12,21880.80763,3.34721812,,,0.154439979,46.30244598,84.6,90.93,58.37772564,72.30731707,15.5,18.3,,,
1977,YR1977,Poland,POL,2.23,,,,1.7,,0.424889122,0.026111067,116.12,109.04,,70.40243902,23.1,26.2,,,
1977,YR1977,Nigeria,NGA,6.862,1.53E+11,2300.766886,6.02411785,,,0.390961629,0.270899325,21.55,21.6,,45.558,135.1,228.7,,,
1977,YR1977,Kenya,KEN,7.803,16814892774,1153.494798,9.453797844,,,0.260678453,1.924430729,24.91,28.19,55.64815313,56.486,77,122.2,,,
1977,YR1977,United Kingdom,GBR,1.69,1.25E+12,22258.81983,2.457750517,1.2,,0.123163729,23.24620215,75.76,86.07,65.46742919,73.22439024,14.1,16.4,,,
1977,YR1977,China,CHN,2.844,3.27E+11,346.939156,7.570000001,1.03,2.069999933,0.102407287,,23.92,19.17,50.70153846,62.538,54.7,74.4,,,
1977,YR1977,Japan,JPN,1.8,1.98E+12,17370.61655,4.39033795,1.2,,0.043127371,66.2491473,143.91,102.37,50.39583727,75.25585366,8.8,11.8,,46.6,
1978,YR1978,Argentina,ARG,3.359,2.57E+11,9476.063436,-4.506124802,,,0.925030873,,33.19,47.93,58.14078402,68.197,43.6,51.2,,29.39,
1978,YR1978,Brazil,BRA,4.195,6.73E+11,5768.426216,4.969897689,,,0.360487059,,27.48,24.42,68.7390209,60.72,82.2,104.4,,,
1978,YR1978,France,FRA,1.89,1.24E+12,22687.61151,3.978543722,1.7,10.89999962,0.318484343,30.81297049,84.58,88.96,54.09160796,73.60243902,10.9,13.4,,,
1978,YR1978,Germany,DEU,1.38,1.76E+12,22558.71479,3.008492857,,,0.15476653,47.56126917,88.1,94.62,57.79839177,72.29041463,14.4,17.1,,,
1978,YR1978,Poland,POL,2.21,,,,1.7,,0.420670602,0.028226394,129.23,117.97,,70.35121951,22.4,25.4,,58.7,
1978,YR1978,Nigeria,NGA,6.921,1.44E+11,2103.586316,-5.764158394,,,0.381461815,0.329709525,20.77,21.39,,46.019,131.5,222.5,,,
1978,YR1978,Kenya,KEN,7.746,17977221152,1191.536895,6.912493546,,,0.251865411,2.250271154,24.54,28.49,60.49577261,56.944,74.4,117.7,,,
1978,YR1978,United Kingdom,GBR,1.75,1.30E+12,23193.39543,4.204260533,1.2,,0.123424048,25.16706861,78.89,88.47,64.94322659,73.17560976,13.4,15.7,,35.38,
1978,YR1978,China,CHN,2.716,3.64E+11,381.0993295,11.32597799,,2.140000105,0.100850795,,26.37,21.05,47.8184901,63.218,51.6,69.8,,,
1978,YR1978,Japan,JPN,1.79,2.08E+12,18120.72843,5.271941503,1.2,,0.04262355,69.03794888,138.43,102.92,50.39927275,75.58463415,8.3,11.1,,47.4,
1979,YR1979,Argentina,ARG,3.339,2.84E+11,10278.92462,10.22276346,,,0.914909999,,34.57,48.29,62.95402901,68.491,40.1,46.7,,29.74,
1979,YR1979,Brazil,BRA,4.12,7.18E+11,6014.867353,6.759560122,,,0.375060791,,29.02,25.84,70.68756405,61.253,79.4,100.2,,,
1979,YR1979,France,FRA,1.87,1.28E+12,23378.29499,3.549989157,1.8,11.10000038,0.317805732,34.09354555,93.22,96.43,54.28492504,73.85121951,10.5,12.8,,40.64,
1979,YR1979,Germany,DEU,1.38,1.83E+12,23484.59919,4.150363341,,,0.154326933,49.48446619,89.08,96.34,58.09805895,72.63017073,13.5,16,,,
1979,YR1979,Poland,POL,2.28,,,,1.7,,0.415692394,0.030209513,126.8,117.43,,70.75121951,21.7,24.7,,,
1979,YR1979,Nigeria,NGA,6.887,1.54E+11,2178.579526,6.759430935,,,0.372125594,0.368317622,20.97,21.75,,46.215,128.6,217.3,,,
1979,YR1979,Kenya,KEN,7.679,19346227179,1238.506272,7.615226046,,,0.243268302,2.429828224,26.17,29.87,64.50519269,57.722,72,113.4,,,
1979,YR1979,United Kingdom,GBR,1.86,1.35E+12,24041.33802,3.749016594,1.3,,0.121411025,28.54481136,77.6,88.93,65.11203996,73.27560976,12.7,14.9,,35.92,
1979,YR1979,China,CHN,2.745,3.92E+11,404.5966325,7.59132468,1.12,2.200000048,0.099379776,,26.8,21.97,49.11564392,63.865,49,65.9,,,
1979,YR1979,Japan,JPN,1.77,2.20E+12,18953.33391,5.484041832,1.2,,0.042126154,71.59363083,138.92,105.45,51.2963476,76.10878049,7.8,10.5,,47.6,
1980,YR1980,Argentina,ARG,3.301,2.88E+11,10270.95612,1.51878395,,,0.905019743,,30.67,44.54,,68.564,36.9,42.8,,27.36,
1980,YR1980,Brazil,BRA,4.037,7.85E+11,6415.637813,9.2,,,0.388803963,3.57E-10,31.92,28.65,69.01292402,61.781,76.4,95.9,,30.06,
1980,YR1980,France,FRA,1.85,1.30E+12,23618.39962,1.57874526,1.9,11.10000038,0.317369311,38.71750955,91.14,96.42,54.74334285,74.05121951,10.1,12.3,,40.96,
1980,YR1980,Germany,DEU,1.44,1.86E+12,23766.10765,1.408828636,,11.5,0.153662266,52.17694447,81.32,94.89,58.85862188,72.80031707,12.6,15,,,
1980,YR1980,Poland,POL,2.28,,,,1.8,5.599999905,0.411000684,0.033134613,89,95.94,,70.09756098,21.1,24,,,
1980,YR1980,Nigeria,NGA,6.847,1.61E+11,2201.687808,4.204831044,0.113,0.86619997,0.362926357,0.40504722,21.58,23.23,,46.349,126.3,213.1,,,
1980,YR1980,Kenya,KEN,7.598,20428063600,1261.994632,5.591976206,,,0.234754488,2.766558228,25.36,28.54,62.02559592,58.501,69.8,109.4,,,
1980,YR1980,United Kingdom,GBR,1.9,1.32E+12,23524.83697,-2.03136782,,8.100000381,0.122846423,33.67315055,83.85,92.65,64.43865371,73.67560976,12.1,14.1,,35.92,
1980,YR1980,China,CHN,2.739,4.23E+11,430.8554098,7.834145016,,2.230000019,0.098014237,,26.52,22.05,50.93932817,64.42,46.8,62.6,,,
1980,YR1980,Japan,JPN,1.75,2.26E+12,19334.37474,2.817591208,,13.69999981,0.041726951,77.16259995,126.46,100.82,51.41413151,75.98902439,7.4,9.9,,47.6,
1981,YR1981,Argentina,ARG,3.253,2.73E+11,9585.206772,-5.189789141,,,0.895252884,,34.28,47.96,,68.976,34.2,39.4,,,
1981,YR1981,Brazil,BRA,3.943,7.51E+11,6001.64499,-4.25,0.767,,0.38782258,7.21E-10,33.74,30.11,69.43765641,62.333,73.3,91.6,,,
1981,YR1981,France,FRA,1.85,1.31E+12,23733.59357,1.069019839,2,11.10000038,0.316519226,43.87251579,84.22,92.94,56.19969215,74.3,9.8,11.9,,41.27,
1981,YR1981,Germany,DEU,1.43,1.87E+12,23855.52586,0.529240557,,,0.153096804,55.48717651,79.86,94.72,59.43060718,73.04021951,11.8,14.1,,,
1981,YR1981,Poland,POL,2.24,,,,1.8,,0.404249894,0.039472331,120.1,105.63,,71.05121951,20.5,23.3,,,
1981,YR1981,Nigeria,NGA,6.82,1.40E+11,1856.069976,-13.12788049,,,0.354145167,0.489348981,21.81,23.31,,46.493,124.5,209.9,,,
1981,YR1981,Kenya,KEN,7.513,21198925608,1262.89608,3.773544194,0.099,,0.226379638,3.087563458,26.74,28.65,61.73568111,61.165,67.7,105.7,,,
1981,YR1981,United Kingdom,GBR,1.82,1.31E+12,23331.3957,-0.787743889,,,0.122608389,37.67238487,80.83,89.99,64.79528811,74.02682927,11.4,13.4,,44.54,
1981,YR1981,China,CHN,2.792,4.44E+11,447.1197864,5.112761091,1.25,2.25,0.097385512,,27.71,22.83,53.23379267,64.975,45.1,59.8,,,
1981,YR1981,Japan,JPN,1.74,2.35E+12,20011.82925,4.260624493,1.3,,0.041313604,80.95295257,126.89,101.42,51.01685664,76.39487805,7,9.3,,47.7,
1982,YR1982,Argentina,ARG,3.204,2.71E+11,9366.17038,-0.735659159,,,0.885634643,,39.63,48.88,,68.937,31.9,36.6,,,
1982,YR1982,Brazil,BRA,3.838,7.57E+11,5914.565078,0.83,,,0.386834523,1.45E-09,33.79,30.17,72.22371895,62.856,70.4,87.5,,,
1982,YR1982,France,FRA,1.86,1.35E+12,24187.09477,2.505396616,2.1,11,0.316927612,49.12777279,96.51,99.68,56.45566726,74.5,9.4,11.5,,41.77,
1982,YR1982,Germany,DEU,1.41,1.86E+12,23783.94549,-0.394840775,,,0.152872277,58.39528444,94,99.33,59.329577,73.33314634,11,13.2,,,
1982,YR1982,Poland,POL,2.34,,,,1.8,,0.399773881,0.080349372,109.1,100.91,,71.10243902,19.9,22.6,,,
1982,YR1982,Nigeria,NGA,6.799,1.30E+11,1680.336031,-6.803388815,0.149,,0.345931886,0.527017828,22.23,24.13,,46.513,123.4,207.9,,,
1982,YR1982,Kenya,KEN,7.402,21518282813,1235.866751,1.506478258,0.12,,0.218246674,3.725661388,29.68,31.93,63.50302785,60.953,65.8,102.4,,,
1982,YR1982,United Kingdom,GBR,1.78,1.34E+12,23805.36267,1.994891334,,,0.122758889,40.91178195,92,95.04,64.83119391,74.17804878,10.8,12.7,,,
1982,YR1982,China,CHN,2.972,4.84E+11,480.3113224,9.017113914,1.3,2.25999999,0.100829838,,30.37,24.68,53.35813155,65.463,43.7,57.6,,70.61,
1982,YR1982,Japan,JPN,1.77,2.43E+12,20525.29585,3.279742743,,,0.040952059,83.17190615,131.42,104.83,52.12173395,76.87365854,6.6,8.8,,48,
1983,YR1983,Argentina,ARG,3.159,2.83E+11,9622.347319,4.349093279,,,0.876225617,,38.5,47.68,,69.267,29.9,34.1,,27.85,
1983,YR1983,Brazil,BRA,3.723,7.35E+11,5613.611519,-2.93,,,0.38584528,3.40E-09,33.8,30.74,76.37055463,63.331,67.6,83.7,,,
1983,YR1983,France,FRA,1.86,1.36E+12,24356.65929,1.240864862,2.1,10.80000019,0.31555924,53.77503827,87.88,95.58,56.16176181,74.8,9.1,11.1,,45.854,
1983,YR1983,Germany,DEU,1.33,1.89E+12,24221.34037,1.57241017,,,0.153171165,60.31848334,81.54,96.16,59.43284232,73.62214634,10.4,12.5,,40.111,
1983,YR1983,Poland,POL,2.42,,,,1.9,,0.395769331,0.100866391,115.81,104.85,,71,19.2,21.9,,,
1983,YR1983,Nigeria,NGA,6.775,1.16E+11,1459.737683,-10.92408503,,,0.339224474,0.649350954,22.16,24.58,,46.638,122.9,207,,36.68,
1983,YR1983,Kenya,KEN,7.263,21799967946,1206.453693,1.309050241,,,0.210299577,4.150304178,29.69,32.82,61.14428298,61.012,64.3,99.6,,,
1983,YR1983,United Kingdom,GBR,1.77,1.40E+12,24801.93163,4.221856313,,,0.122468511,42.79753005,85.96,95.02,64.96711001,74.37804878,10.3,12.2,,45.645,
1983,YR1983,China,CHN,2.559,5.37E+11,524.4093632,10.77020251,1.32,2.289999962,0.104855811,,32.72,26.47,53.49573051,65.904,42.8,56,,,
1983,YR1983,Japan,JPN,1.8,2.52E+12,21122.96484,3.630198572,,,0.040592757,84.75193925,129.43,105.14,52.51038533,76.92195122,6.2,8.3,,49,
1984,YR1984,Argentina,ARG,3.123,2.87E+11,9624.404556,1.570738702,2.683,,0.867083306,,39.87,48.95,,69.195,28.2,32.1,,,
1984,YR1984,Brazil,BRA,3.6,7.75E+11,5788.087171,5.4,0.927,,0.384901572,9.92E-09,36.56,32.39,78.07760783,63.773,65.1,80.1,,,
1984,YR1984,France,FRA,1.86,1.38E+12,24600.99236,1.513721603,2.5,10.69999981,0.316459852,57.90162857,98.32,102.47,56.11091467,75,8.8,10.7,,46.443,
1984,YR1984,Germany,DEU,1.29,1.95E+12,24991.33368,2.82294781,,,0.153508886,61.76962143,94.8,102.68,59.22716695,74.07229268,9.8,11.8,,40.707,
1984,YR1984,Poland,POL,2.37,,,,1.9,,0.393858314,0.116400823,125.39,111.26,,70.8,18.6,21.1,,,
1984,YR1984,Nigeria,NGA,6.701,1.15E+11,1408.208654,-1.115623217,,,0.33274913,0.765068757,23.67,25.99,,46.55,122.9,207,,,
1984,YR1984,Kenya,KEN,7.123,22182604684,1182.871887,1.755216977,,,0.198633021,4.577125536,25.27,30.5,64.22484329,60.804,63,97.3,,,
1984,YR1984,United Kingdom,GBR,1.77,1.43E+12,25324.60262,2.269105172,,,0.122682485,44.92059183,105.44,102.04,65.08395975,74.77804878,10,11.7,,47.153,
1984,YR1984,China,CHN,2.607,6.18E+11,596.2011091,15.19154002,1.33,2.329999924,0.109951052,,35.26,28.22,50.69102135,66.3,42.2,54.9,,,
1984,YR1984,Japan,JPN,1.81,2.63E+12,21912.15186,4.410880154,,,0.040272145,86.66870071,132.91,108.08,51.97332446,77.29121951,5.8,7.9,,48.9,
1985,YR1985,Argentina,ARG,3.095,2.72E+11,8987.933706,-5.189024353,2.705,,0.858219826,,38.19,49.84,,69.651,26.9,30.6,,28.04,
1985,YR1985,Brazil,BRA,3.471,8.36E+11,6110.358401,7.85,1.467,,0.386799802,3.23E-08,40.94,35.05,69.53992255,64.198,62.7,76.9,,41.09,
1985,YR1985,France,FRA,1.86,1.41E+12,24870.50582,1.622781367,2.7,10.5,0.316833216,61.27793028,97.44,100.91,56.61531314,75.3,8.5,10.4,,46.475,
1985,YR1985,Germany,DEU,1.37,1.99E+12,25630.333,2.327935262,,11,0.153916709,63.04592574,94.75,102.94,58.60583605,74.18909756,9.2,11.2,,41.116,
1985,YR1985,Poland,POL,2.33,,,,2,5.699999809,0.39006088,0.129811665,121.52,110.78,,70.54878049,17.8,20.3,,,
1985,YR1985,Nigeria,NGA,6.616,1.21E+11,1451.369001,5.913027459,0.192,,0.325571793,0.821954257,25.09,27.92,,46.317,123.2,207.5,,,
1985,YR1985,Kenya,KEN,6.975,23136581312,1189.409306,4.300561819,0.154,1.707100034,0.23514097,5.172452409,30.41,34.44,58.24234513,60.58,62.1,95.7,,,
1985,YR1985,United Kingdom,GBR,1.79,1.49E+12,26315.12865,4.14741495,,7.400000095,0.123606841,47.6478981,93.07,98.49,64.86847536,74.62926829,9.7,11.4,,48.698,
1985,YR1985,China,CHN,2.633,7.01E+11,667.1285419,13.43067752,,2.369999886,0.114267773,,34.04,28.49,50.85690006,66.643,41.9,54.2,,,
1985,YR1985,Japan,JPN,1.76,2.77E+12,22898.99424,5.159807905,1.5,14.69999981,0.039971201,88.43004908,134.02,110.64,51.65027249,77.5604878,5.5,7.5,,48.7,
1986,YR1986,Argentina,ARG,3.075,2.89E+11,9397.883608,6.153377063,2.984,,0.849444617,,38.36,51.12,,70.119,26.1,29.6,,,
1986,YR1986,Brazil,BRA,3.342,8.98E+11,6433.497982,7.49,,,0.370902002,7.99E-08,37.62,33.88,70.85077847,64.64,60.5,73.9,,41.14,
1986,YR1986,France,FRA,1.85,1.44E+12,25319.31509,2.33727635,2.8,10.30000019,0.316502926,62.83348642,94.26,99.66,56.05821782,75.6,8.3,10.1,,47.092,
1986,YR1986,Germany,DEU,1.43,2.04E+12,26204.58958,2.287339221,,,0.15388488,62.96433589,96.16,105.62,57.14414007,74.39682927,8.7,10.6,,41.565,
1986,YR1986,Poland,POL,2.22,,,,2,,0.386692492,0.151295454,131.15,117.18,,70.84878049,17.2,19.6,,,
1986,YR1986,Nigeria,NGA,6.557,1.21E+11,1414.697626,0.060945274,0.187,,0.318865566,0.868946627,27.49,29.24,,45.975,123.7,208.4,,37.21,
1986,YR1986,Kenya,KEN,6.848,24797222251,1229.967317,7.177555391,,,0.227817448,5.303536629,33.56,37.85,59.92227154,60.216,61.6,95,,,
1986,YR1986,United Kingdom,GBR,1.78,1.54E+12,27081.34897,3.15034063,,,0.122438763,49.28108193,97.83,98.93,66.8858968,74.92926829,9.4,11.1,,49.163,
1986,YR1986,China,CHN,2.721,7.64E+11,716.10534,8.949961764,1.35,2.400000095,0.112955689,26.04831978,34.72,29.8,51.01619905,66.97,42,53.9,,,
1986,YR1986,Japan,JPN,1.72,2.86E+12,23527.71252,3.294047613,,,0.03967666,88.95672678,134.69,111.64,51.31823819,78.0104878,5.2,7.1,,48.6,
1987,YR1987,Argentina,ARG,3.059,2.97E+11,9507.339813,2.704868828,,,0.84074254,,37.44,48.48,75.43319776,70.564,25.7,29.1,,28.18,
1987,YR1987,Brazil,BRA,3.234,9.30E+11,6528.623469,3.53,,3.560300112,0.35574036,2.62E-07,42.29,37.67,64.69015994,65.08,58.5,71.1,,43.17,
1987,YR1987,France,FRA,1.83,1.48E+12,25830.23898,2.561900335,2.8,10.19999981,0.317780402,64.90001584,99.69,102.65,56.68909312,75.8,8.1,9.8,,46.859,
1987,YR1987,Germany,DEU,1.43,2.07E+12,26531.22971,1.402151627,,,0.153455964,63.12168761,91.79,102.39,57.56375392,74.80702439,8.3,10,,41.446,
1987,YR1987,Poland,POL,2.15,,,,2.1,,0.384410712,0.191205724,122.44,111.83,,70.89756098,16.6,18.9,,,
1987,YR1987,Nigeria,NGA,6.504,1.25E+11,1422.825477,3.200125467,,,0.312138722,0.967053504,28.16,29.85,,46.018,124.1,209.2,,,
1987,YR1987,Kenya,KEN,6.682,26269459979,1257.989739,5.937107444,,,0.222918257,5.76163879,31.34,37.93,62.2532896,60.044,61.6,95.1,,,
1987,YR1987,United Kingdom,GBR,1.81,1.62E+12,28481.14927,5.392738267,,,0.122090664,51.32571574,93.7,97.92,66.25188008,75.2804878,9.1,10.8,,49.971,
1987,YR1987,China,CHN,2.76,8.53E+11,786.8648816,11.65742779,1.37,2.480000019,0.110882029,27.9326124,36.55,31.45,49.67393367,67.288,42.2,53.9,,,
1987,YR1987,Japan,JPN,1.69,2.99E+12,24503.08457,4.648861398,,,0.039436712,89.06896957,131.57,111.38,51.36615828,78.4295122,5,6.8,,48.6,
1988,YR1988,Argentina,ARG,3.042,2.94E+11,9262.963927,-1.089933341,3.032,,0.832008238,,41,49.33,73.71828348,71.052,25.6,29,,,
1988,YR1988,Brazil,BRA,3.112,9.30E+11,6399.484368,-0.06,1.185,,0.341243678,1.91E-06,42.41,38.38,63.75117873,65.454,56.5,68.4,,43.34,
1988,YR1988,France,FRA,1.81,1.55E+12,26912.18121,4.743142194,2.9,10.10000038,0.309938722,66.65284538,96.74,100.18,55.61885616,76.1,7.9,9.6,,46.679,
1988,YR1988,Germany,DEU,1.46,2.14E+12,27407.52007,3.707235659,,,0.152896004,63.92593299,97.45,103.11,57.07275611,74.99873171,7.8,9.5,,42.112,
1988,YR1988,Poland,POL,2.13,,,,,,0.382397784,0.303483312,122.25,112.09,,71.33170732,16.1,18.4,,56.97,
1988,YR1988,Nigeria,NGA,6.498,1.34E+11,1488.176799,7.334025488,,6.370299816,0.306713338,1.494206213,32.81,33.83,,46.072,124.4,209.7,,,
1988,YR1988,Kenya,KEN,6.505,27899002871,1290.060366,6.203183823,,,0.225745513,6.468301659,34.04,41.33,61.54199738,59.539,62.2,96.2,,,
1988,YR1988,United Kingdom,GBR,1.82,1.71E+12,30047.00885,5.732413602,,,0.120959114,53.45847975,94.92,95.84,66.72955962,75.3804878,8.8,10.4,,50.626,
1988,YR1988,China,CHN,2.539,9.49E+11,861.1934866,11.22259498,1.47,2.539999962,0.109746467,33.18724459,36.55,32.14,49.61759945,67.581,42.6,54,,,
1988,YR1988,Japan,JPN,1.66,3.19E+12,26026.86488,6.661636522,,,0.039207688,89.67335381,124.19,108.84,50.55867072,78.3497561,4.8,6.6,,48.9,
1989,YR1989,Argentina,ARG,3.022,2.73E+11,8473.026569,-7.156949656,,,0.822924596,,34.6,45.86,73.5117362,71.425,25.6,29,,29.07,
1989,YR1989,Brazil,BRA,3.01,9.59E+11,6479.069096,3.16,,,0.327384347,2.93E-05,44.3,40.27,54.12973399,65.868,54.6,65.7,,44.421,
1989,YR1989,France,FRA,1.79,1.61E+12,27938.46976,4.343861063,3,9.899999619,0.306578499,68.98456334,97.37,99.47,55.27995098,76.34878049,7.7,9.3,,46.774,
1989,YR1989,Germany,DEU,1.42,2.23E+12,28256.10622,3.896551692,,,0.151730861,65.70343802,95.51,101.85,57.1407863,75.19153659,7.4,9,,42.527,
1989,YR1989,Poland,POL,2.08,,,,,,0.379700196,1.045654584,125.64,114.48,,71.04390244,15.6,17.8,,,
1989,YR1989,Nigeria,NGA,6.494,1.37E+11,1477.611948,1.919381296,0.192,,0.30069849,2.248282603,36.78,37.24,,46.182,124.5,209.9,,,
1989,YR1989,Kenya,KEN,6.323,29207563409,1304.619458,4.690348768,,1.436200023,0.235530034,7.360236297,36.83,43.1,68.88507964,59.04,63.2,98.2,,70.8,
1989,YR1989,United Kingdom,GBR,1.79,1.75E+12,30741.37384,2.577602821,,,0.117420921,56.53782134,95.82,95.71,66.12829631,75.58292683,8.4,9.9,,52.093,
1989,YR1989,China,CHN,2.52,9.89E+11,883.7641552,4.206334355,1.54,2.559999943,0.109238815,39.24246922,37.37,33.29,51.0948901,67.838,42.8,54,,,
1989,YR1989,Japan,JPN,1.57,3.35E+12,27199.93997,4.925785413,,,0.038937507,91.71099212,125.2,109.79,50.4749366,78.76853659,4.7,6.5,,49.5,
1990,YR1990,Argentina,ARG,3.034,2.66E+11,8144.494294,-2.467213778,2.68,4.594299793,0.814243498,,39.14,50.98,77.13937288,71.784,25.4,28.8,,29.11,
1990,YR1990,Brazil,BRA,2.905,9.17E+11,6086.077553,-4.35,1.074,3.345299959,0.314120605,0.000892704,41.03,38.46,59.30249784,65.985,52.5,63,,44.951,
1990,YR1990,France,FRA,1.77,1.66E+12,28617.44357,2.923935081,3.118,9.699999809,0.306398339,71.18812578,98.6,101.62,55.2059426,76.6,7.5,9,,46.701,
1990,YR1990,Germany,DEU,1.45,2.34E+12,29485.70997,5.255006083,,10.39999962,0.150705571,67.47511036,89.56,99.54,56.346298,75.08563415,7,8.5,,45.355,
1990,YR1990,Poland,POL,2.06,1.95E+11,5111.34533,,2.145,5.699999809,0.377530957,6.983705296,128.14,116.13,,70.8902439,15.2,17.4,,,
1990,YR1990,Nigeria,NGA,6.459,1.53E+11,1608.779561,11.77688593,,1.668200016,0.294850802,2.413855134,38.98,39.15,,46.037,124.4,209.6,,,
1990,YR1990,Kenya,KEN,6.129,30431959354,1313.859163,4.192050972,,1.647199988,0.215436579,8.669019857,36.73,42.71,62.38967339,58.614,64.4,100.9,,,
1990,YR1990,United Kingdom,GBR,1.83,1.77E+12,30874.50893,0.733755496,1.618,5.900000095,0.115638064,61.09672647,98.26,97.83,66.45464914,75.8804878,7.9,9.3,,52.444,
1990,YR1990,China,CHN,2.514,1.03E+12,905.0324572,3.920251368,1.129,2.579999924,0.109057114,40.44026323,40.1,35.78,49.99260181,68.005,42.8,53.7,,73.02,
1990,YR1990,Japan,JPN,1.54,3.51E+12,28422.21312,4.840929057,1.649,,0.038614166,94.53432995,123.84,108.84,50.46461582,78.83707317,4.6,6.3,,50.116,
1991,YR1991,Argentina,ARG,3.012,2.90E+11,8762.661384,9.133110567,,,0.805901981,,42.3,52.87,80.44422596,72.319,25.1,28.3,,39.6,
1991,YR1991,Brazil,BRA,2.815,9.27E+11,6043.432634,1.032189585,,,0.301467795,0.004756207,41.89,40.32,61.56819162,66.31,50.4,60.2,,44.02,
1991,YR1991,France,FRA,1.75,1.68E+12,28664.13188,1.048175847,3.171,9.600000382,0.304508843,73.47569023,91.09,98.44,55.0567232,76.84878049,7.1,8.6,,46.877,
1991,YR1991,Germany,DEU,1.33,2.46E+12,30766.92896,5.108261522,2.762,10.10000038,0.144462407,70.20585007,81.2,92.12,56.03827721,75.3195122,6.6,8,,48.137,
1991,YR1991,Poland,POL,2.07,1.81E+11,4735.927698,-7.015578793,2.173,5.699999809,0.375462206,12.34506088,117.55,108.31,,70.58780488,14.8,16.9,,,
1991,YR1991,Nigeria,NGA,6.426,1.54E+11,1573.702248,0.358352602,,,0.296871507,2.727824622,44.86,44.38,,45.691,124.1,209.1,,40.3,
1991,YR1991,Kenya,KEN,5.935,30869676465,1290.633547,1.438346792,,,0.213101008,10.41014877,52.99,53.64,63.51437586,58.005,65.7,104,,,
1991,YR1991,United Kingdom,GBR,1.82,1.75E+12,30439.64586,-1.103121658,1.633,5.599999905,0.114358063,65.65563159,98.62,98.39,67.09445202,76.08292683,7.4,8.7,,52.27,
1991,YR1991,China,CHN,1.934,1.12E+12,975.4629156,9.262786085,,2.599999905,0.108513356,41.87859627,41.28,37.33,47.9171579,68.169,42.5,53.2,,,
1991,YR1991,Japan,JPN,1.53,3.63E+12,29308.27409,3.523357235,,,0.038236907,97.60805554,123.21,108.74,49.95509941,79.03682927,4.5,6.2,,50.678,
1992,YR1992,Argentina,ARG,2.987,3.13E+11,9327.859451,7.937291556,2.645,,0.79792578,,43.01,53.03,81.85652656,72.43,24.4,27.6,,35.2,
1992,YR1992,Brazil,BRA,2.719,9.22E+11,5911.687023,-0.54407205,1.128,,0.289369926,0.050033488,44.32,42.55,61.51919593,66.708,48.2,57.2,,53.177,
1992,YR1992,France,FRA,1.74,1.71E+12,28977.8889,1.599342677,3.223,9.399999619,0.303261126,75.21247954,100.14,102.42,55.11126162,77.1,6.7,8.1,,47.303,
1992,YR1992,Germany,DEU,1.29,2.51E+12,31121.07057,1.923076559,2.841,9.899999619,0.142227066,73.75614444,81.59,87.29,56.02029306,75.8195122,6.2,7.6,,47.866,
1992,YR1992,Poland,POL,1.95,1.86E+11,4840.168585,2.514978614,2.189,5.599999905,0.373712972,18.03595643,95.57,93.4,,71.0902439,14.4,16.5,,62.594,
1992,YR1992,Nigeria,NGA,6.391,1.61E+11,1605.548136,4.631192946,0.185,,0.30045304,3.944130052,48.45,47.68,,45.668,123.6,208.3,,,
1992,YR1992,Kenya,KEN,5.746,30622875267,1242.018953,-0.799493959,,,0.214635766,13.25548857,53.83,54.09,67.30425088,57.259,66.6,106.7,,,
1992,YR1992,United Kingdom,GBR,1.79,1.76E+12,30479.197,0.40108203,1.646,5.400000095,0.11382345,68.67024228,102.32,100.87,68.15940372,76.43414634,6.9,8.2,,52.385,
1992,YR1992,China,CHN,1.776,1.28E+12,1100.646116,14.22452959,,2.619999886,0.105496279,44.53955446,42.68,39.58,45.27461981,68.734,41.9,52.2,,,
1992,YR1992,Japan,JPN,1.5,3.67E+12,29462.65397,0.900586066,1.702,,0.037886277,99.32623361,129.02,112.22,50.70164067,79.0802439,4.4,6.1,,50.729,
1993,YR1993,Argentina,ARG,2.966,3.39E+11,9957.256522,8.206979072,,4.599999905,0.790249224,,40.78,53.09,69.20596257,72.565,23.6,26.6,,37.9,
1993,YR1993,Brazil,BRA,2.672,9.67E+11,6103.377215,4.924690004,1.155,3.5,0.277699804,1.014369318,43.62,42.98,60.08239899,67.109,45.8,54.1,,52.53,
1993,YR1993,France,FRA,1.73,1.69E+12,28670.88633,-0.628666352,3.251,9.300000191,0.305108607,76.79529818,90.41,96.96,55.367523,77.3,6.2,7.5,,47.775,
1993,YR1993,Germany,DEU,1.28,2.48E+12,30615.14021,-0.976849818,2.937,9.699999809,0.14387042,77.05641956,82.24,86.23,56.65952744,75.87073171,5.9,7.2,,47.604,
1993,YR1993,Poland,POL,1.87,1.93E+11,5008.349089,3.738310295,2.228,5.599999905,0.371931262,24.70279742,124.11,105.84,,71.59512195,13.9,16,,62.131,
1993,YR1993,Nigeria,NGA,6.354,1.58E+11,1533.183686,-2.035118774,0.192,,0.292871455,6.198801969,50.95,50.64,,45.788,123.1,207.2,,,
1993,YR1993,Kenya,KEN,5.574,30731034422,1210.272533,0.353197256,0.138,,0.199276696,19.35021392,53.74,53.68,63.12596642,56.617,67.1,108.7,,,
1993,YR1993,United Kingdom,GBR,1.76,1.80E+12,31163.27534,2.48983102,1.684,5.099999905,0.105529215,70.42722397,95.91,97.93,69.11539858,76.38536585,6.6,7.7,,52.468,
1993,YR1993,China,CHN,1.691,1.46E+12,1239.129373,13.8837293,,2.630000114,0.102932691,51.04681839,45.5,43.25,43.99616115,69.216,41,50.9,,,
1993,YR1993,Japan,JPN,1.46,3.65E+12,29232.43979,-0.459219716,,15.60000038,0.037531343,100.5609043,113.05,105.03,51.77879864,79.30365854,4.4,6,,50.329,
1994,YR1994,Argentina,ARG,2.935,3.59E+11,10397.37929,5.836200704,,,0.782807213,,43.86,55.66,69.92190499,73.172,22.6,25.4,,36.8,
1994,YR1994,Brazil,BRA,2.617,1.02E+12,6358.678787,5.852870362,1.184,,0.266404984,22.07154429,47.23,46.25,59.63732748,67.568,43.4,51,,,
1994,YR1994,France,FRA,1.73,1.73E+12,29237.53551,2.358408439,3.286,9.100000382,0.305021686,78.06665611,91.26,98.15,55.00196209,77.64878049,5.7,7,,47.97,
1994,YR1994,Germany,DEU,1.24,2.54E+12,31238.87906,2.391892071,3.009,9.699999809,0.14495628,79.13159239,79.25,83.33,56.19195977,76.27073171,5.5,6.8,,47.781,
1994,YR1994,Poland,POL,1.81,2.03E+11,5262.315235,5.292802067,2.286,5.599999905,0.371017542,32.85256564,96.03,88.17,,71.69512195,13.3,15.3,,62.085,
1994,YR1994,Nigeria,NGA,6.319,1.55E+11,1467.091921,-1.814924485,,,0.293961125,9.734084664,52.37,52.48,,45.513,122.3,205.9,,,
1994,YR1994,Kenya,KEN,5.446,31540116339,1206.873242,2.632784518,,,0.208619171,24.92585992,55.37,54.88,62.41638725,56.273,66.9,109.6,,,
1994,YR1994,United Kingdom,GBR,1.74,1.87E+12,32279.53374,3.846009161,1.698,4.800000191,0.102150245,71.99001295,91.29,98.07,69.08732911,76.88536585,6.3,7.4,,52.5,
1994,YR1994,China,CHN,1.628,1.65E+12,1384.930157,13.03680663,,2.630000114,0.101272408,63.42923988,46.34,45.76,44.08781767,69.52,39.9,49.3,,,
1994,YR1994,Japan,JPN,1.5,3.69E+12,29466.75525,1.083383174,1.772,15.5,0.037226989,101.2602632,128.21,110.73,52.72983177,79.69682927,4.2,5.9,,50.177,
1995,YR1995,Argentina,ARG,2.864,3.48E+11,9969.331576,-2.845209611,,,0.775622809,,49.49,58.99,68.56078874,73.133,21.5,24.2,,41.33,
1995,YR1995,Brazil,BRA,2.579,1.07E+12,6524.518853,4.223793634,1.214,,0.260299756,36.64031594,48.36,48.91,63.7064387,67.919,41,47.9,,50.235,
1995,YR1995,France,FRA,1.74,1.77E+12,29745.12873,2.106629158,3.307,8.899999619,0.305206302,79.46910908,93.05,100.3,54.71047951,77.75121951,5.3,6.5,,48.216,
1995,YR1995,Germany,DEU,1.25,2.58E+12,31628.15981,1.544146496,3.075,9.699999809,0.144898169,80.4817043,83.52,85.8,55.84225777,76.42195122,5.3,6.5,,47.677,
1995,YR1995,Poland,POL,1.62,2.17E+11,5628.446239,7.102865538,2.329,5.5,0.368182426,42.03531392,109.48,96.32,59.29055816,71.89268293,12.5,14.4,,61.016,
1995,YR1995,Nigeria,NGA,6.273,1.55E+11,1429.012072,-0.072664764,,,0.304101366,16.82395412,54.75,54.64,,45.487,121.2,203.8,,,
1995,YR1995,Kenya,KEN,5.366,32929842157,1225.143873,4.406216525,0.132,,0.202318989,25.31328958,58.7,57.13,69.26173616,55.617,66.2,109.5,,,
1995,YR1995,United Kingdom,GBR,1.71,1.92E+12,33009.30415,2.531670045,1.757,4.800000191,0.102311259,73.93194008,91.59,98.78,63.70654286,76.83658537,6.1,7.2,,52.463,
1995,YR1995,China,CHN,1.588,1.83E+12,1520.029469,10.95395434,1.194,2.609999895,0.099248457,74.07978637,49.53,50.15,45.7541657,70.008,38.5,47.5,,,
1995,YR1995,Japan,JPN,1.42,3.79E+12,30171.16379,2.630999616,,15.39999962,0.036900663,101.1307523,123.67,107.87,52.74382277,79.53609756,4.1,5.7,,49.981,
1996,YR1996,Argentina,ARG,2.781,3.68E+11,10388.53871,5.526689827,,3.289999962,0.768931635,,47.35,57.09,68.52372765,73.307,20.5,23,,44.5,
1996,YR1996,Brazil,BRA,2.516,1.09E+12,6567.352461,2.20886405,1.245,3.109999895,0.259821415,42.4139744,45.54,48.83,65.15739922,68.409,38.6,44.9,,49.002,
1996,YR1996,France,FRA,1.75,1.80E+12,30057.96555,1.412993673,3.326,8.800000191,0.304652882,81.04488905,101.55,105.96,55.12606746,77.95365854,4.9,6.1,,48.599,
1996,YR1996,Germany,DEU,1.3,2.60E+12,31790.86686,0.805822891,3.124,9.600000382,0.144479331,81.64846931,87.51,87.92,56.31072458,76.67317073,5,6.2,,47.84,
1996,YR1996,Poland,POL,1.59,2.31E+11,5968.114357,6.115542811,2.365,5.5,0.362569021,50.35619041,111.27,98.56,61.23242347,72.24634146,11.5,13.2,,60.495,
1996,YR1996,Nigeria,NGA,6.217,1.61E+11,1451.819572,4.195924047,,,0.298315958,21.74803826,57.45,57.19,,45.567,119.7,201.1,,,
1996,YR1996,Kenya,KEN,5.306,34295389782,1241.878536,4.146839269,,,0.169142695,27.55708169,55.96,55.29,76.06955253,55.161,65.2,108.4,,,
1996,YR1996,United Kingdom,GBR,1.73,1.96E+12,33775.5009,2.582022529,1.798,4.599999905,0.104836166,76.04031811,102.21,98,64.04323989,77.08780488,6,7,,52.889,
1996,YR1996,China,CHN,1.554,2.01E+12,1653.433789,9.922556753,1.201,2.549999952,0.098015687,80.23815776,53.41,52.59,46.84924222,70.266,37,45.6,,,
1996,YR1996,Japan,JPN,1.43,3.90E+12,31046.17015,3.133870993,1.841,15.19999981,0.036594384,101.2688973,120.18,105.66,52.44951052,80.2197561,4,5.5,,50.037,
1997,YR1997,Argentina,ARG,2.706,3.97E+11,11097.38206,8.111046771,,,0.762788199,,53.49,61.91,69.32637095,73.09,19.5,21.9,,44.5,
1997,YR1997,Brazil,BRA,2.465,1.13E+12,6689.199377,3.394845986,1.281,,0.259376174,45.35186848,48.73,50.75,65.30962969,68.813,36.4,42.1,,50.037,
1997,YR1997,France,FRA,1.77,1.84E+12,30650.74448,2.336296529,3.343,8.600000382,0.304654278,82.02062327,101.95,106.73,54.13416235,78.30487805,4.6,5.8,,48.27,
1997,YR1997,Germany,DEU,1.35,2.65E+12,32313.29707,1.792160821,3.139,9.399999619,0.144231523,83.23193685,88.71,88.53,56.19172424,77.07317073,4.8,5.9,,48.18,
1997,YR1997,Poland,POL,1.51,2.45E+11,6348.841217,6.449003079,2.373,5.400000095,0.362383524,57.86588895,100.69,93,62.12383894,72.64634146,10.5,12,,50.193,
1997,YR1997,Nigeria,NGA,6.138,1.66E+11,1457.227896,2.937099419,,,0.291762505,23.60311856,59.36,59.14,,45.792,117.7,197.5,,,
1997,YR1997,Kenya,KEN,5.26,34458259247,1214.847642,0.474901921,,,0.169720603,30.68807461,53.37,54.56,77.17953611,54.816,64,106.6,,,
1997,YR1997,United Kingdom,GBR,1.72,2.06E+12,35347.76354,4.924928652,1.855,4.599999905,0.109196375,77.71407435,100.96,97.74,65.65614823,77.21097561,5.8,6.9,,53.302,
1997,YR1997,China,CHN,1.527,2.20E+12,1787.766977,9.236779892,1.216,2.549999952,0.096773977,82.47396598,54.75,54.69,45.89575779,70.672,35.4,43.6,,,
1997,YR1997,Japan,JPN,1.39,3.94E+12,31276.19308,0.981228732,,15.10000038,0.036245508,103.0388797,121.48,106.02,52.60381194,80.42414634,3.8,5.2,,50.383,
1998,YR1998,Argentina,ARG,2.662,4.13E+11,11391.94516,3.850178852,3.003,,0.756902614,,61.75,66.67,69.05335622,73.474,18.7,20.9,,45.5,
1998,YR1998,Brazil,BRA,2.409,1.13E+12,6613.983181,0.338097901,1.267,,0.258968959,46.80089527,49.63,51.64,64.14230076,69.189,34.3,39.5,,50.768,
1998,YR1998,France,FRA,1.78,1.90E+12,31633.14775,3.588659425,3.355,8.399999619,0.304322162,82.55468159,103.3,107.26,53.95807074,78.60487805,4.4,5.6,,48.591,
1998,YR1998,Germany,DEU,1.36,2.70E+12,32959.07357,2.013932785,3.182,9.300000191,0.144782524,83.99033256,92.38,89.95,55.65254515,77.47560976,4.7,5.7,,48.408,
1998,YR1998,Poland,POL,1.44,2.57E+11,6641.085312,4.640514962,2.347,5.300000191,0.363573057,64.5770911,113.63,101.65,62.00183494,72.99756098,9.5,10.9,,49.953,
1998,YR1998,Nigeria,NGA,6.069,1.70E+11,1457.70111,2.581254102,,,0.291368981,25.96257554,61.1,61.35,,46.036,115.3,193,,,
1998,YR1998,Kenya,KEN,5.246,35592009622,1221.524316,3.290213722,,,0.16054982,32.75106095,62.78,60.8,77.69400906,54.526,62.4,103.8,,,
1998,YR1998,United Kingdom,GBR,1.71,2.13E+12,36448.26422,3.414269874,1.899,4.400000095,0.10691239,79.12890697,97.39,97.66,66.17920262,77.1902439,5.7,6.8,,53.325,
1998,YR1998,China,CHN,1.522,2.37E+12,1909.622328,7.845951787,1.214,2.529999971,0.095850024,81.83628882,56.45,57.94,45.50532406,71.172,33.7,41.4,,,
1998,YR1998,Japan,JPN,1.38,3.89E+12,30795.08889,-1.270330495,1.89,15,0.035878165,103.7209705,111.93,101.28,52.99932488,80.50146341,3.6,5,,50.136,
1999,YR1999,Argentina,ARG,2.643,3.99E+11,10880.20621,-3.385457041,,,0.751152067,,59.74,68.32,70.14226507,73.722,17.9,20.1,,46.8,
1999,YR1999,Brazil,BRA,2.331,1.14E+12,6551.226671,0.467937566,1.364,,0.25864293,49.0746922,52.84,55.27,64.68011944,69.524,32.2,37,,52.061,
1999,YR1999,France,FRA,1.81,1.97E+12,32546.93405,3.421373799,3.355,8.300000191,0.303334864,82.99811716,106.61,107.74,53.61302899,78.75609756,4.3,5.5,,48.917,
1999,YR1999,Germany,DEU,1.36,2.76E+12,33559.39937,1.887261154,3.217,9.199999809,0.143994702,84.48203974,96.44,92.66,56.19724396,77.72682927,4.5,5.5,,48.963,
1999,YR1999,Poland,POL,1.37,2.69E+11,6950.797735,4.654891852,2.282,5.099999905,0.363991241,69.19698328,100.52,94.11,62.63413043,73.04390244,8.7,10,,49.691,
1999,YR1999,Nigeria,NGA,6.082,1.71E+11,1429.405592,0.584126893,,,0.292408495,27.68087574,63.76,64.06,,46.614,112.6,187.9,,,
1999,YR1999,Kenya,KEN,5.181,36412543752,1215.163924,2.305388595,,,0.170064344,34.63162722,62.19,62.02,78.58002959,54.495,60.5,100.3,,70.438,6.7
1999,YR1999,United Kingdom,GBR,1.68,2.20E+12,37440.79406,3.066176125,1.913,4.199999809,0.1008308,80.51599778,99.81,97.87,66.49770716,77.3902439,5.6,6.7,,53.784,
1999,YR1999,China,CHN,1.53,2.55E+12,2038.206474,7.6616515,1.244,2.519999981,0.095023888,80.68937558,58.43,60.65,46.20561664,71.419,31.9,39.1,,,
1999,YR1999,Japan,JPN,1.34,3.88E+12,30636.26612,-0.333929958,,14.80000019,0.035560013,103.366974,115.01,102.63,54.09736476,80.46097561,3.4,4.7,,49.595,
2000,YR2000,Argentina,ARG,2.591,3.96E+11,10672.72204,-0.788998939,,4.1,0.745600834,,60.89,69.14,69.3320118,73.926,17.3,19.4,,44.11,
2000,YR2000,Brazil,BRA,2.255,1.19E+12,6745.857771,4.387949447,,2.78,0.258412684,52.53158274,53.96,56.86,64.59270034,69.737,30.3,34.6,,,
2000,YR2000,France,FRA,1.89,2.05E+12,33592.46683,3.923669227,3.375,8.25,0.301280089,84.38913231,103.98,103.54,53.85737039,79.05609756,4.1,5.4,,49.076,
2000,YR2000,Germany,DEU,1.38,2.84E+12,34490.07577,2.912502964,3.272,9.19,0.143580872,85.69880785,101.29,93.72,56.29925703,77.92682927,4.4,5.4,,48.858,
2000,YR2000,Poland,POL,1.37,2.81E+11,7344.120761,4.56098541,2.208,4.900000095,0.365747555,76.04760599,101.87,93.24,63.83698761,73.74878049,8.1,9.3,,48.873,
2000,YR2000,Nigeria,NGA,6.124,1.80E+11,1462.535997,5.015934759,0.269,1.2,0.284895684,29.60007172,64.38,64.5,,47.193,109.6,182.5,,,
2000,YR2000,Kenya,KEN,5.137,36630908099,1187.32581,0.599695391,,,0.158533076,38.08787233,57.92,58.55,78.29077157,54.411,58.2,96.1,,,37.7
2000,YR2000,United Kingdom,GBR,1.64,2.29E+12,38918.45506,4.318727058,1.994,4.08,0.09977499,81.4684668,98.54,95.57,66.14250985,77.74146341,5.6,6.5,,54.191,
2000,YR2000,China,CHN,1.628,2.77E+12,2193.896866,8.490093406,1.268,1.71,0.094278281,80.97002229,61.97,63.37,46.73235842,71.881,29.9,36.7,,67.903,
2000,YR2000,Japan,JPN,1.36,3.99E+12,31430.63113,2.764647551,1.935,14.7,0.03527195,102.6676151,114.41,101.97,53.66877113,81.07609756,3.3,4.5,,49.279,
2001,YR2001,Argentina,ARG,2.531,3.78E+11,10090.65344,-4.408839683,3.2481,,0.740278416,,63.93,69.29,68.91198431,74.186,16.8,18.8,,43.2,
2001,YR2001,Brazil,BRA,2.183,1.20E+12,6749.881603,1.389896401,,2.75,0.258259998,56.1249316,57.21,59.51,64.10770837,70.195,28.5,32.4,,54.387,
2001,YR2001,France,FRA,1.9,2.09E+12,34009.8624,1.983721419,3.408,8.12,0.298951945,85.76870964,95.4,99.36,54.12079053,79.15853659,3.9,5.3,,48.865,
2001,YR2001,Germany,DEU,1.35,2.88E+12,35011.06846,1.681468481,3.327,9.1,0.143448825,87.39894991,100.61,94.16,56.46404669,78.32926829,4.3,5.2,,49.293,
2001,YR2001,Poland,POL,1.31,2.85E+11,7438.603435,1.258569461,2.243,,0.355155119,80.16051562,103.88,94.16,64.60933941,74.2,7.6,8.8,,49.693,
2001,YR2001,Nigeria,NGA,6.139,1.90E+11,1508.55359,5.917684649,,,0.282602007,35.18668454,63.49,64.33,,47.619,106.6,177,,,
2001,YR2001,Kenya,KEN,5.091,38015522174,1195.443778,3.779906498,,,0.161256122,40.27358227,66.82,66.11,79.57030879,54.508,55.6,91.2,,,
2001,YR2001,United Kingdom,GBR,1.63,2.35E+12,39768.66635,2.578741046,2.043,4.04,0.095585779,82.71684853,86.81,88.34,66.16646381,77.99268293,5.5,6.4,,54.08,
2001,YR2001,China,CHN,1.563,3.00E+12,2359.572385,8.335733478,1.287,1.69,0.094062857,81.55229846,63.25,64.45,45.51980966,72.606,27.8,34.1,,,
2001,YR2001,Japan,JPN,1.33,4.00E+12,31476.05207,0.386103426,,14.61,0.03495112,101.9078177,113.41,99.95,54.42205916,81.41634146,3.1,4.3,,49.147,
2002,YR2002,Argentina,ARG,2.493,3.37E+11,8895.319642,-10.89448483,,,0.735435645,,65.11,68.91,61.89842386,74.408,16.4,18.4,,45.6,
2002,YR2002,Brazil,BRA,2.103,1.24E+12,6868.695907,3.053461859,,2.56,0.258216179,60.86758058,60.96,63.61,61.89843503,70.41,26.7,30.3,,55.913,
2002,YR2002,France,FRA,1.88,2.11E+12,34146.30627,1.135531482,3.435,8.01,0.297195394,87.41839554,103.96,104.46,53.97312935,79.26097561,3.7,5.1,,49.065,
2002,YR2002,Germany,DEU,1.34,2.88E+12,34883.05807,-0.197973835,3.364,8.99,0.142941146,88.64071957,91.73,89.99,55.74177024,78.22926829,4.2,5.1,,49.36,
2002,YR2002,Poland,POL,1.25,2.90E+11,7593.559655,2.035863041,2.279,5.599999905,0.340305418,81.68779962,95.38,91.16,66.5149825,74.49756098,7.3,8.4,,48.838,
2002,YR2002,Nigeria,NGA,6.135,2.19E+11,1693.745727,15.32915574,,,0.275406441,39.71752584,66.64,67.65,,47.928,103.6,171.3,,,
2002,YR2002,Kenya,KEN,5.016,38223413680,1166.065286,0.54685953,0.138,1.9,0.155308953,41.06347134,66.41,67.9,78.61447034,54.99,52.9,86.1,,,
2002,YR2002,United Kingdom,GBR,1.63,2.39E+12,40310.30494,1.791985616,2.114,3.98,0.097455842,83.97447753,97.87,93.96,65.86757694,78.14390244,5.4,6.3,,54.638,
2002,YR2002,China,CHN,1.566,3.28E+12,2557.891612,9.13363079,1.143,1.73,0.093742337,80.95535936,66.02,67.12,44.91301883,72.985,25.7,31.5,,,
2002,YR2002,Japan,JPN,1.32,4.00E+12,31416.12418,0.041962499,1.979,14.45,0.034673781,100.9667051,111.91,100.92,55.06246488,81.69073171,3,4.1,,48.539,
2003,YR2003,Argentina,ARG,2.451,3.67E+11,9581.969792,8.837040796,,,0.779248451,,67.6,71.49,63.19780641,74.08,15.9,17.8,,48.97,
2003,YR2003,Brazil,BRA,2.023,1.25E+12,6865.17325,1.140828998,,2.4,0.258332073,69.8241962,66.32,68.05,61.84465042,70.72,25,28.3,,56.018,
2003,YR2003,France,FRA,1.89,2.13E+12,34183.66334,0.823160757,3.454,7.84,0.294823214,89.25284626,89.85,95.96,54.24440075,79.11463415,3.6,4.9,,50.323,
2003,YR2003,Germany,DEU,1.34,2.86E+12,34619.66407,-0.700116686,3.401,8.87,0.143298214,89.55746156,81.79,86.1,56.46346261,78.3804878,4.1,5,,49.737,
2003,YR2003,Poland,POL,1.22,3.00E+11,7864.518264,3.498391213,2.408,6.61,0.329463203,82.24548335,87.46,88.01,65.01950063,74.59756098,7,8.1,,48.188,
2003,YR2003,Nigeria,NGA,6.116,2.36E+11,1769.882237,7.347194968,0.262,,0.268322216,45.29060312,70.19,70.53,,48.441,100.6,165.6,,,
2003,YR2003,Kenya,KEN,4.907,39344305939,1165.166103,2.932475546,,,0.15239676,45.09413465,67.58,69.79,77.1191802,55.601,50.2,81.1,,,
2003,YR2003,United Kingdom,GBR,1.7,2.47E+12,41385.54047,3.146572528,2.201,3.95,0.094873929,85.13038654,93,91.97,65.34966074,78.44634146,5.3,6.2,,54.552,
2003,YR2003,China,CHN,1.57,3.60E+12,2797.176659,10.03803048,1.19,1.76,0.093310721,81.86821482,65.89,68.08,42.707785,73.371,23.5,28.9,,,
2003,YR2003,Japan,JPN,1.29,4.07E+12,31830.21758,1.535125499,,14.27,0.03442741,100.7076833,106.01,97.92,54.89712551,81.76,2.9,4,,48.246,
2004,YR2004,Argentina,ARG,2.43,4.00E+11,10341.64341,9.029573301,3.1857,,0.822223687,,66.46,73.94,64.33150085,74.855,15.4,17.3,,50.312,12.9
2004,YR2004,Brazil,BRA,2.002,1.33E+12,7178.347485,5.759964637,,,0.258528973,74.43062767,68.9,70.89,60.20657719,71.131,23.5,26.4,,56.948,7
2004,YR2004,France,FRA,1.92,2.19E+12,34893.52981,2.829752929,3.473,7.69,0.292874392,91.16472224,106.67,104.2,54.05297711,80.16341463,3.4,4.8,,50.141,
2004,YR2004,Germany,DEU,1.36,2.89E+12,35034.08061,1.175088132,3.426,8.71,0.144189763,91.04925331,103.86,95.66,56.14301752,78.6804878,4,4.8,,49.432,
2004,YR2004,Poland,POL,1.23,3.15E+11,8261.227441,4.98284457,2.266,6.6,0.330258412,85.02755758,102.06,94.52,64.42533472,74.84634146,6.8,7.8,,47.692,
2004,YR2004,Nigeria,NGA,6.085,2.57E+11,1882.181986,9.250558229,,0.5,0.261420181,52.0833031,74.89,75.1,,48.767,97.6,160,,48.45,
2004,YR2004,Kenya,KEN,4.83,41352557259,1188.570711,5.104299776,,1.4,0.151127408,50.33589289,69.09,72.96,75.52468789,56.361,47.5,76.1,,,
2004,YR2004,United Kingdom,GBR,1.75,2.53E+12,42149.27034,2.426496549,2.331,3.86,0.097002887,86.31403736,94.77,92.39,65.1328369,78.74634146,5.2,6.1,,54.932,
2004,YR2004,China,CHN,1.605,3.97E+12,3061.833173,10.11362138,1.22,1.82,0.092907724,84.9993772,70.44,71.68,40.6109056,73.748,21.4,26.3,,,
2004,YR2004,Japan,JPN,1.29,4.15E+12,32515.1158,2.186115694,2.031,14.2,0.034274935,100.6990493,107.94,98.71,54.73026208,82.0302439,2.8,3.9,,48.249,
2005,YR2005,Argentina,ARG,2.426,4.35E+11,11141.31067,8.85165992,,4,0.864887809,,77.46,83,63.02939215,75.139,15,16.7,,49.476,
2005,YR2005,Brazil,BRA,1.974,1.37E+12,7325.90355,3.202132061,,2.5,0.258745663,79.54366733,67.94,71.33,60.50425181,71.753,22,24.7,,58.11,
2005,YR2005,France,FRA,1.94,2.22E+12,35208.8558,1.66321998,3.476,7.52,0.290838215,92.75633919,99.78,100.25,54.39488534,80.16341463,3.3,4.6,,50.358,
2005,YR2005,Germany,DEU,1.34,2.91E+12,35310.47047,0.731707164,3.448,8.6,0.144344409,92.45770436,96,92.16,56.53853717,78.93170732,3.9,4.7,,51.066,
2005,YR2005,Poland,POL,1.24,3.26E+11,8554.693897,3.506834614,2.115,6.45,0.318114986,86.88438829,89.34,88.53,63.08562083,74.99512195,6.5,7.6,,47.625,
2005,YR2005,Nigeria,NGA,6.068,2.74E+11,1950.122368,6.438516525,0.279,,0.254692975,61.38720049,79.41,79.33,,49.297,94.7,154.6,,,
2005,YR2005,Kenya,KEN,4.784,43795114732,1221.859289,5.90666608,,,0.146862666,55.52692196,78.4,81.11,75.39938901,57.344,44.5,71,,56.62,
2005,YR2005,United Kingdom,GBR,1.76,2.60E+12,43007.36292,2.738842404,2.408,3.72,0.0948491,88.11725541,94.57,93.13,64.54517572,79.04878049,5.1,6,,55.28,
2005,YR2005,China,CHN,1.624,4.42E+12,3390.716159,11.39459181,1.244,1.87,0.092549951,86.50931811,72.56,74.57,39.58687836,74.111,19.4,24,,,
2005,YR2005,Japan,JPN,1.26,4.23E+12,33098.54747,1.803900872,,14.07,0.034123015,100.4141253,110.45,99.65,54.80194383,81.95512195,2.8,3.7,,48.367,
2006,YR2006,Argentina,ARG,2.4,4.70E+11,11913.95853,8.0471515,,,0.901351022,,75.44,82.05,63.27018804,75.433,14.5,16.2,,50.104,
2006,YR2006,Brazil,BRA,1.927,1.42E+12,7534.5425,3.961988711,,2.45,0.259050012,82.87143085,71.56,75.18,60.43767644,72.037,20.6,23.2,,57.834,
2006,YR2006,France,FRA,2,2.28E+12,35821.87199,2.449323601,3.469,7.41,0.288220984,94.31012335,96.17,96,54.23642332,80.81219512,3.3,4.5,,50.424,
2006,YR2006,Germany,DEU,1.33,3.02E+12,36699.44678,3.816441913,3.487,8.42,0.144046021,93.91615662,90.6,90.14,55.68542774,79.13170732,3.8,4.6,,52.196,
2006,YR2006,Poland,POL,1.27,3.47E+11,9084.949214,6.131136459,2.156,6.4,0.3242682,88.00058677,81.17,86.25,62.11443282,75.14390244,6.3,7.3,,47.009,
2006,YR2006,Nigeria,NGA,6.081,2.91E+11,2013.274011,6.059428032,0.344,,0.248140086,66.43643372,85.08,84.33,,49.73,92.1,149.7,9.039999962,,
2006,YR2006,Kenya,KEN,4.748,46629751037,1262.814666,6.4724943,,1.4,0.143804025,63.55263568,79.15,82.95,76.23178007,58.222,42.2,66.7,,,
2006,YR2006,United Kingdom,GBR,1.82,2.66E+12,43711.15502,2.386275368,2.46,3.54,0.100153139,90.28111707,91.57,92.57,63.71234982,79.24878049,5,5.9,,55.79,
2006,YR2006,China,CHN,1.644,4.98E+12,3800.765796,12.72095567,1.278,1.95,0.092296888,87.93622961,74.41,76.14,37.75197952,74.504,17.7,21.9,,,
2006,YR2006,Japan,JPN,1.32,4.29E+12,33531.51856,1.372350128,2.083,13.97,0.033968433,100.664513,105.08,97.69,55.02901694,82.32195122,2.7,3.6,,48.482,
2007,YR2007,Argentina,ARG,2.37,5.13E+11,12857.09258,9.007650875,,,0.927495161,,85.6,89.82,62.53123291,75.006,14.1,15.8,,48.9,
2007,YR2007,Brazil,BRA,1.881,1.51E+12,7909.825247,6.069870607,,2.47,0.259655845,85.88900587,77.72,79.93,59.87494756,72.365,19.4,21.8,,57.583,6.1
2007,YR2007,France,FRA,1.98,2.33E+12,36464.95927,2.424736243,3.449,7.35,0.285624865,95.71345616,93.28,95.01,54.11628961,81.11219512,3.2,4.4,,50.766,
2007,YR2007,Germany,DEU,1.37,3.11E+12,37842.35779,2.976455131,3.533,8.35,0.144372478,96.07467298,91.69,91.83,53.99391891,79.53414634,3.7,4.5,,52.671,
2007,YR2007,Poland,POL,1.31,3.71E+11,9731.769454,7.061534634,2.168,6.36,0.310147595,90.16429514,90.34,92.53,60.40944566,75.24390244,6,7,,46.766,
2007,YR2007,Nigeria,NGA,6.08,3.10E+11,2088.60443,6.591130361,0.373,,0.241715735,70.01603406,78.37,79.1,,50.033,89.6,145.2,,,40.7
2007,YR2007,Kenya,KEN,4.719,49824229273,1309.895639,6.85072977,,,0.139338771,69.75466128,83.84,87.81,74.85466096,58.865,40.3,62.8,,,
2007,YR2007,United Kingdom,GBR,1.86,2.73E+12,44508.6058,2.620331222,2.492,3.39,0.099229543,92.43573146,86.86,90.72,63.61358688,79.44878049,4.9,5.8,,55.553,
2007,YR2007,China,CHN,1.666,5.69E+12,4319.031398,14.23086093,1.298,2.02,0.091773494,92.17191349,77.42,78,36.36952582,74.762,16.1,20.1,,,
2007,YR2007,Japan,JPN,1.34,4.35E+12,33990.03603,1.483969412,,13.87,0.033796611,100.7249514,108.09,99.43,54.83529295,82.50707317,2.6,3.5,,48.451,
2008,YR2008,Argentina,ARG,2.341,5.33E+11,13246.63489,4.057233103,,,0.884851378,,87.18,91.03,63.07458348,75.641,13.8,15.4,,48.422,
2008,YR2008,Brazil,BRA,1.842,1.59E+12,8231.100373,5.094195447,,2.57,0.260333196,90.76629373,84.38,85.18,59.73079267,72.715,18.4,20.6,,57.213,5.2
2008,YR2008,France,FRA,2.01,2.34E+12,36354.65866,0.25494596,3.443,7.18,0.283764931,98.40574355,100.16,99.74,54.46591514,81.21463415,3.2,4.4,,50.954,
2008,YR2008,Germany,DEU,1.38,3.14E+12,38278.31301,0.959879134,3.58,8.3,0.145317086,98.59988029,100.26,96.41,54.22467789,79.73658537,3.6,4.4,,52.567,
2008,YR2008,Poland,POL,1.39,3.87E+11,10139.11914,4.199981264,2.139,6.55,0.315875679,93.91961273,95.01,92.96,61.95083741,75.54390244,5.8,6.7,,47.169,
2008,YR2008,Nigeria,NGA,6.078,3.31E+11,2170.058816,6.764472778,0.371,,0.235440412,78.1246436,83.65,84.11,,50.225,87.5,141.3,,,
2008,YR2008,Kenya,KEN,4.646,49939962360,1274.404679,0.232282745,0.169,,0.135249297,88.0581565,81.69,88.32,75.32755981,59.614,38.1,58.5,,,
2008,YR2008,United Kingdom,GBR,1.91,2.72E+12,44060.0031,-0.225726975,2.571,3.34,0.097157288,95.69077122,100.18,94.69,63.7124749,79.6,4.8,5.6,,55.843,
2008,YR2008,China,CHN,1.701,6.24E+12,4711.643449,9.650678919,1.347,2.17,0.091488543,97.63333106,82.16,82.67,35.28788015,74.872,14.8,18.5,,,
2008,YR2008,Japan,JPN,1.37,4.30E+12,33557.6454,-1.224289001,2.147,13.71,0.033639693,102.1150352,108.94,99.94,55.76379845,82.58756098,2.5,3.4,,48.421,
2009,YR2009,Argentina,ARG,2.344,5.02E+11,12336.86194,-5.918525076,,,0.847763579,,62.18,76.08,62.97814769,75.936,13.4,15,,49.131,
2009,YR2009,Brazil,BRA,1.825,1.58E+12,8142.761048,-0.125812002,,2.55,0.261066419,95.20298175,82.14,84.14,61.9564599,72.948,17.4,19.5,,57.714,5
2009,YR2009,France,FRA,2,2.27E+12,35129.36224,-2.873313828,3.394,6.92,0.282119487,98.49196713,103.75,100.92,55.37744355,81.41463415,3.1,4.3,,51.356,
2009,YR2009,Germany,DEU,1.36,2.96E+12,36190.39289,-5.693836336,3.648,8.3,0.145844488,98.90824058,103.7,98.31,56.44073549,79.83658537,3.5,4.3,,53.351,
2009,YR2009,Poland,POL,1.4,3.98E+11,10419.21487,2.832184053,2.148,6.58,0.316264562,97.4842306,99.11,95.77,61.6705235,75.69512195,5.5,6.3,,47.797,
2009,YR2009,Nigeria,NGA,6.039,3.57E+11,2281.386346,8.036925101,0.373,,0.235459763,87.91977683,73.67,75.54,,50.712,85.7,138,,,
2009,YR2009,Kenya,KEN,4.514,51591446860,1278.140902,3.306939816,0.171,,0.136258535,96.18955755,80.75,89.82,72.47434243,60.365,37.4,55.2,,71.54,34.43888617
2009,YR2009,United Kingdom,GBR,1.89,2.60E+12,41709.96617,-4.614957402,2.653,3.27,0.0971317,97.56796745,96.15,92.54,64.28607401,80.05121951,4.6,5.4,,55.99,
2009,YR2009,China,CHN,1.714,6.83E+12,5128.904128,9.398725633,1.423,2.33,0.091180235,96.92239907,83.79,85.1,35.32729591,75.343,13.6,17,,,
2009,YR2009,Japan,JPN,1.37,4.05E+12,31651.08377,-5.693236359,,13.61,0.033534562,100.7335855,104.43,98.31,57.61411925,82.93146341,2.4,3.3,,48.499,
2010,YR2010,Argentina,ARG,2.346,5.53E+11,13551.33919,10.12539816,,4.5,0.931712218,,86.69,88.2,64.23411476,75.721,12.9,14.5,,48.048,
2010,YR2010,Brazil,BRA,1.81,1.70E+12,8673.898383,7.528225818,,2.55,0.261798247,100,87.79,89.08,60.22282916,73.182,16.6,18.6,,,
2010,YR2010,France,FRA,2.03,2.32E+12,35638.12156,1.949437623,3.397,6.67,0.281416857,100,98.02,98.59,55.35569033,81.66341463,3.1,4.2,,51.368,
2010,YR2010,Germany,DEU,1.39,3.09E+12,37760.91363,4.179882499,3.734,8.29,0.14485748,100,91.64,94.55,55.10868039,79.98780488,3.5,4.2,1.292118788,52.727,
2010,YR2010,Poland,POL,1.41,4.09E+11,10755.65644,2.934638181,2.156,6.51,0.28465312,100,88.29,91.19,62.13266052,76.24634146,5.1,6,0.527205169,48.247,
2010,YR2010,Nigeria,NGA,5.98,3.86E+11,2397.323545,8.005655916,,,0.223295203,100,84.62,85.24,,50.945,84.2,135.3,,,21.2
2010,YR2010,Kenya,KEN,4.367,55748929986,1342.768702,8.058473603,0.172,1.4,0.132472997,100,93.82,98.14,72.82572138,60.649,36.9,53.3,,,
2010,YR2010,United Kingdom,GBR,1.92,2.66E+12,42310.74991,2.238688634,2.656,2.93,0.095114637,100,95.03,94.39,63.8534136,80.40243902,4.4,5.2,1.102439284,55.905,
2010,YR2010,China,CHN,1.687,7.55E+12,5647.068727,10.63587106,1.463,2.51,0.089804778,100,86.35,87.79,34.32634109,75.599,12.5,15.7,3.579999924,63.73,
2010,YR2010,Japan,JPN,1.39,4.22E+12,32942.20208,4.097917919,2.213,13.51,0.03343484,100,100.44,96.15,56.86856542,82.84268293,2.3,3.2,19.90999985,48.402,
2011,YR2011,Argentina,ARG,2.338,5.86E+11,14200.26989,6.003951693,,4.41,0.936139243,,93.46,92.78,64.22032128,76.124,12.4,13.9,,48.239,
2011,YR2011,Brazil,BRA,1.8,1.77E+12,8935.277314,3.974423079,1.843,2.51,0.262516945,106.6364496,93.54,92.3,60.27385176,73.343,16,17.9,,54.687,4.2
2011,YR2011,France,FRA,2.01,2.37E+12,36244.18716,2.192700633,3.172,6.6,0.279659268,102.111598,100.82,100.92,54.98251285,82.11463415,3.1,4.2,,51.26,
2011,YR2011,Germany,DEU,1.39,3.21E+12,39977.34171,3.925192705,3.822,8.26,0.147929025,102.0751728,90.66,95.21,54.38668528,80.43658537,3.4,4.1,1.218798995,54.311,
2011,YR2011,Poland,POL,1.33,4.30E+11,11291.90359,5.042187883,2.181,6.53,0.291567287,104.2394015,92.25,93.24,61.47778026,76.69512195,4.9,5.7,0.510186911,48.415,
2011,YR2011,Nigeria,NGA,5.918,4.06E+11,2455.746494,5.307924203,,,0.217395055,110.8261372,78.01,78.94,,51.357,82.9,132.9,,56.899,35.06192
2011,YR2011,Kenya,KEN,4.219,58603891851,1374.544246,5.12110612,0.177,,0.136038007,114.0224913,86.46,93.55,76.01175636,61.046,36.4,52.1,,,
2011,YR2011,United Kingdom,GBR,1.91,2.69E+12,42462.10673,1.145101541,2.691,2.88,0.095828549,103.8561124,99.42,96.67,63.96441696,80.95121951,4.3,5,1.018768907,56.052,
2011,YR2011,China,CHN,1.668,8.28E+12,6152.696873,9.550832179,1.489,2.73,0.088235622,105.5538989,90.95,90.95,34.92042834,75.903,11.5,14.6,,,
2011,YR2011,Japan,JPN,1.39,4.22E+12,33011.13423,0.023809524,,13.38,0.033277792,99.72754438,100.36,94.97,57.22006823,82.59121951,2.3,3.2,,48.148,
2012,YR2012,Argentina,ARG,2.33,5.80E+11,13895.63371,-1.026420454,,4.6,0.949431929,,82.09,86.64,64.90339911,76.467,11.9,13.3,,48.382,5.025251
2012,YR2012,Brazil,BRA,1.767,1.80E+12,9025.313996,1.921175986,,2.47,0.263279346,112.3985493,90.56,91.55,61.41186683,73.552,15.4,17.2,,52.467,
2012,YR2012,France,FRA,2.01,2.38E+12,36182.15113,0.313134751,3.188,6.58,0.278420291,104.107058,97.23,97.79,54.71887262,81.96829268,3.1,4.1,,51.5,
2012,YR2012,Germany,DEU,1.41,3.22E+12,40069.35396,0.418497594,3.892,8.22,0.147141795,104.1253413,94.85,96.12,54.9069504,80.53902439,3.4,4,1.24101305,54.058,
2012,YR2012,Poland,POL,1.33,4.36E+11,11466.41593,1.545221571,2.201,6.53,0.287022908,107.9507115,96.53,96.02,61.61865001,76.74634146,4.7,5.4,0.519515455,48.768,
2012,YR2012,Nigeria,NGA,5.832,4.24E+11,2490.213111,4.230061175,,,0.211687801,124.3737916,86.87,86.95,,51.497,81.8,130.9,,,
2012,YR2012,Kenya,KEN,4.088,61281315912,1401.490825,4.568679614,0.185,,0.132644782,124.7152583,92.55,96.4,75.20151804,61.115,36.5,51.3,,,
2012,YR2012,United Kingdom,GBR,1.92,2.73E+12,42805.84252,1.512936749,2.697,2.8,0.097519294,106.5285741,85.71,90.81,64.19101192,80.90487805,4.1,4.8,1.062295437,56.289,
2012,YR2012,China,CHN,1.798,8.93E+12,6591.662494,7.863736449,1.565,3.05,0.086640501,108.318909,93.5,93.74,35.38653491,76.192,10.5,13.5,,,
2012,YR2012,Japan,JPN,1.41,4.28E+12,33518.44494,1.374750999,2.284,13.33,0.033268301,99.68359993,101.42,96.88,57.67911944,83.09609756,2.2,3,,48.088,
2013,YR2013,Argentina,ARG,2.322,5.94E+11,14071.50868,2.405323781,3.9385,4.8,0.933378212,,90.59,94.03,65.98756553,76.491,11.4,12.8,,47.961,
2013,YR2013,Brazil,BRA,1.748,1.86E+12,9216.13228,3.004822669,1.876,2.45,0.264086523,119.3721044,97.26,97.65,61.71525008,73.918,14.9,16.7,,52.445,3.215266
2013,YR2013,France,FRA,1.99,2.39E+12,36203.19087,0.576326675,3.209,6.52,0.277349472,105.0062468,96.03,96.25,54.63569856,82.2195122,3.1,4.1,,51.72,
2013,YR2013,Germany,DEU,1.42,3.24E+12,40135.01583,0.437591303,3.984,8.17,0.14726159,105.6921396,96.18,97.08,54.55684991,80.4902439,3.3,4,1.236335993,54.603,
2013,YR2013,Poland,POL,1.29,4.40E+11,11571.61485,0.856557081,2.208,6.51,0.283699905,109.0215637,95.65,95.19,61.09435712,77,4.5,5.2,22.62999916,48.597,
2013,YR2013,Nigeria,NGA,5.738,4.52E+11,2585.647196,6.671335393,0.376,,0.206231326,134.93999,83.37,84.66,,51.707,80.8,129.1,,56.433,
2013,YR2013,Kenya,KEN,3.952,63608687383,1420.078692,3.797848393,0.194,,0.129486345,131.8458452,100.34,101.73,76.49696253,61.389,36,50.1,,,
2013,YR2013,United Kingdom,GBR,1.83,2.78E+12,43282.20975,1.792322216,2.706,2.75,0.097701056,108.9698539,89.62,92.79,64.73095571,81.00487805,4,4.6,28.38999939,56.637,
2013,YR2013,China,CHN,1.714,9.62E+12,7056.423092,7.766150098,1.661,3.33,0.085366773,111.1580018,95.7,95.75,35.83313112,76.452,9.7,12.5,,,
2013,YR2013,Japan,JPN,1.43,4.36E+12,34239.88625,2.005100177,,13.28,0.03325356,100.0175778,101.07,100.92,58.13846101,83.33195122,2.1,2.9,,48.799,
2014,YR2014,Argentina,ARG,2.312,5.79E+11,13567.94842,-2.512615321,,4.86,0.919056938,,94.16,95.14,65.38307973,76.755,10.9,12.2,,47.712,
2014,YR2014,Brazil,BRA,1.767,1.87E+12,9183.459727,0.50395574,,2.44,0.264892818,126.9272129,98.65,98.98,62.95957071,74.306,14.5,16.3,,52.383,3.532649033
2014,YR2014,France,FRA,2,2.41E+12,36378.61866,0.956183052,3.225,6.46,0.276467027,105.5394253,105.3,102.48,54.30970362,82.7195122,3.1,4.1,16.38999939,51.631,
2014,YR2014,Germany,DEU,1.47,3.31E+12,40851.16173,2.209543431,4.064,8.14,0.146562529,106.6505496,107.61,102.97,53.42225092,81.0902439,3.3,4,24.18000031,54.829,
2014,YR2014,Poland,POL,1.32,4.57E+11,12024.60951,3.836958494,2.273,6.53,0.287490166,109.0802406,105.29,101.74,60.27013581,77.60243902,4.3,5,23.70000076,48.8,
2014,YR2014,Nigeria,NGA,5.664,4.80E+11,2677.493581,6.309718655,,,0.201060307,145.7991654,95.08,95.48,,51.791,80,127.7,,,
2014,YR2014,Kenya,KEN,3.844,66801914097,1457.543066,5.020111002,0.2,,0.126549514,140.9144068,101.59,102.26,76.06804651,61.816,35.2,48.9,,,
2014,YR2014,United Kingdom,GBR,1.81,2.86E+12,44337.67864,3.195782466,2.742,2.72,0.096490376,110.5511374,104.19,100.68,64.35844241,81.30487805,3.9,4.5,29.32999992,56.902,
2014,YR2014,China,CHN,1.769,1.03E+13,7532.785301,7.425763656,1.715,3.58,0.084267418,113.2940602,97.36,97.62,36.70789836,76.717,8.9,11.5,,,
2014,YR2014,Japan,JPN,1.42,4.38E+12,34386.90586,0.296205514,2.354,13.18,0.033172004,102.7772895,101.89,100.86,57.63158453,83.58780488,2.1,2.8,,49.231,
2015,YR2015,Argentina,ARG,2.301,5.95E+11,13789.06042,2.731159828,3.973,4.97,0.935248349,,104.14,103.91,65.90583734,76.76,10.5,11.8,,,
2015,YR2015,Brazil,BRA,1.777,1.80E+12,8783.215424,-3.545763393,,2.35,0.265697534,138.3886146,102.82,101.68,63.96479727,74.332,14.2,15.9,,53.032,2.54
2015,YR2015,France,FRA,1.96,2.44E+12,36652.92231,1.112912341,3.24,6.4,0.277673626,105.5790178,103.95,102.22,54.04624751,82.32195122,3.2,4.2,17.65999985,51.63,
2015,YR2015,Germany,DEU,1.5,3.36E+12,41103.25644,1.491931528,4.12,8.09,0.145017646,107.1991879,97.52,99.27,52.97004805,80.64146341,3.3,3.9,24.73999977,54.715,
2015,YR2015,Poland,POL,1.32,4.77E+11,12560.05142,4.383298635,2.294,6.54,0.286602483,108.126742,92.36,96.53,58.91482265,77.45121951,4.2,4.9,24.2688179,48.832,
2015,YR2015,Nigeria,NGA,5.616,4.93E+11,2679.554223,2.652693295,,,0.196183842,158.9348464,97.29,97.74,,51.841,79.2,126.2,,,
2015,YR2015,Kenya,KEN,3.8,70120446897,1496.653573,4.967721128,,,0.123795428,150.1896105,98.27,102.07,75.51675787,61.892,34.1,47.5,,,
2015,YR2015,United Kingdom,GBR,1.8,2.93E+12,44964.39114,2.220258322,2.773,2.61,0.092311871,110.9580174,102.87,101.35,64.09373368,80.95609756,3.9,4.5,25.12431908,57.065,
2015,YR2015,China,CHN,1.67,1.11E+13,8016.445595,7.041328879,1.8,3.82,0.083248156,114.9221228,101.49,101.33,37.77300366,76.977,8.2,10.7,,,
2015,YR2015,Japan,JPN,1.45,4.44E+12,34960.63938,1.560626697,,13.15,0.033073517,103.5946564,99.82,99.72,55.77079666,83.79390244,2,2.8,,49.462,
2016,YR2016,Argentina,ARG,2.241,5.82E+11,13360.21183,-2.080327844,3.987,4.97,0.921361802,,101.71,100.95,65.72189147,76.308,10.1,11.4,,,
2016,YR2016,Brazil,BRA,1.709,1.74E+12,8426.843221,-3.275916908,,2.32,0.266557636,150.4825942,98.53,99.34,64.2514796,74.442,15,16.7,15.35000038,53.277,
2016,YR2016,France,FRA,1.92,2.47E+12,36956.7958,1.095464404,3.255,6.32,0.275101723,105.7725809,90.75,95.29,54.26329455,82.57317073,3.3,4.2,17.39999962,51.616,
2016,YR2016,Germany,DEU,1.6,3.43E+12,41682.03224,2.229999868,4.187,8.06,0.142843839,107.7263367,94.87,97.76,52.75448682,80.9902439,3.3,3.9,25.57999992,55.616,
2016,YR2016,Poland,POL,1.39,4.91E+11,12936.57326,2.953508842,2.381,6.54,0.284592448,107.4079507,102.35,101.73,58.8300269,77.85121951,4.1,4.8,24.95000076,48.812,
2016,YR2016,Nigeria,NGA,5.584,4.85E+11,2570.959759,-1.616868949,0.443,,0.191496198,183.8825515,107.64,106.78,,52.043,78.2,124.5,5.937829971,,
2016,YR2016,Kenya,KEN,3.724,73074983895,1525.743551,4.213517068,,,0.12109907,159.647425,100.15,95.67,76.40732156,62.163,33.6,46.3,,71.46,
2016,YR2016,United Kingdom,GBR,1.79,2.98E+12,45482.17829,1.921063414,2.783,2.57,0.091843685,112.0769373,92.94,97.98,64.74271268,81.15609756,3.8,4.4,26.11839485,57.424,
2016,YR2016,China,CHN,1.772,1.18E+13,8516.528742,6.848762205,1.891,4.06,0.081750001,117.2205674,101.14,101.05,38.67498195,77.218,7.6,9.9,,,
2016,YR2016,Japan,JPN,1.44,4.48E+12,35242.19938,0.753826746,2.426,13.11,0.032925179,103.462823,98.3,99.42,54.70149969,83.98487805,2,2.7,,50.261,
2017,YR2017,Argentina,ARG,2.168,5.99E+11,13595.03736,2.818502978,3.979,5.02,0.916927535,,106.82,105.91,66.73957332,76.833,9.8,11,,48.009,
2017,YR2017,Brazil,BRA,1.736,1.77E+12,8470.940604,1.322869054,2.158,2.3,0.267437283,155.6687862,109.59,106.98,64.49430634,74.827,13.7,15.3,15.72999954,54.154,
2017,YR2017,France,FRA,1.89,2.52E+12,37694.0833,2.291419994,3.275,6.23,0.275925184,106.864453,103.14,101.33,53.98438649,82.57560976,3.3,4.2,18,51.309,
2017,YR2017,Germany,DEU,1.57,3.52E+12,42639.55441,2.680231114,4.251,8.01,0.142419876,109.3524602,95.45,97.5,52.10840608,80.99268293,3.2,3.9,25.8552475,55.932,
2017,YR2017,Poland,POL,1.48,5.16E+11,13599.81802,5.140017574,2.343,6.53,0.287216589,109.6376705,103.14,106.19,59.45468869,77.75365854,4,4.6,25.87862015,48.889,
2017,YR2017,Nigeria,NGA,5.523,4.89E+11,2526.99961,0.805886619,,,0.186877338,214.2273396,109.74,109.08,,52.305,77,122.4,,,
2017,YR2017,Kenya,KEN,3.643,75879571212,1550.203457,3.837958174,,,0.118492763,172.4282386,97.26,90.64,77.91296198,62.481,33.4,45.4,,,
2017,YR2017,United Kingdom,GBR,1.74,3.06E+12,46373.63853,2.655069668,2.814,2.54,0.09208272,114.9435916,101.62,102.21,64.19844205,81.25609756,3.8,4.4,33.91999817,57.61,
2017,YR2017,China,CHN,1.813,1.26E+13,9053.228725,6.947200793,2.006,4.34,0.080240412,119.0880504,103.12,102.37,38.54274622,77.248,7,9.2,,,
2017,YR2017,Japan,JPN,1.43,4.55E+12,35861.97285,1.675331752,,13.05,0.032771005,103.9637898,98.65,99.87,54.61369476,84.0997561,1.9,2.6,,51.074,
2018,YR2018,Argentina,ARG,2.039,5.83E+11,13105.39716,-2.617396463,,3.71,0.903679284,,92.2,97.51,69.47018229,76.999,9.5,10.6,,49.523,
2018,YR2018,Brazil,BRA,1.749,1.80E+12,8553.865902,1.783666762,,2.26,0.268287169,161.3738142,109.91,107.51,64.61607497,75.109,13.4,15,16.54000092,54.429,
2018,YR2018,France,FRA,1.87,2.57E+12,38259.69777,1.865066071,3.276,6.16,0.269905388,108.8423164,95.93,97.17,53.88176563,82.67560976,3.3,4.3,19.22301292,51.431,
2018,YR2018,Germany,DEU,1.57,3.56E+12,42928.74124,0.981232606,4.311,7.98,0.141497972,111.2466294,81.78,91.87,52.09971921,80.89268293,3.2,3.8,25.14999962,55.853,
2018,YR2018,Poland,POL,1.46,5.47E+11,14408.38439,5.945208477,,6.44,0.289903159,111.6253484,93.26,102.62,58.85367829,77.60243902,3.9,4.5,26.47625351,48.907,
2018,YR2018,Nigeria,NGA,5.447,4.98E+11,2512.080475,1.922757342,0.376,,0.183580001,240.1383645,114.88,114.06,,52.554,75.7,119.9,8.148079872,,
2018,YR2018,Kenya,KEN,3.58,80165208728,1604.802932,5.647946407,0.161,,0.116108436,180.5147893,108.89,100.31,77.10290786,62.676,32.8,44.3,,,
2018,YR2018,United Kingdom,GBR,1.68,3.11E+12,46740.55359,1.403792086,2.834,2.5,0.090847971,117.5790642,91.3,99.59,64.65968562,81.25609756,3.8,4.4,27.88207436,57.864,
2018,YR2018,China,CHN,1.554,1.35E+13,9619.209475,6.749773832,2.124,4.6,0.078854473,121.5588779,104.39,103.42,38.52188052,77.744,6.4,8.6,,,
2018,YR2018,Japan,JPN,1.42,4.58E+12,36138.52908,0.643391023,2.498,13,0.032662782,104.99209,96.95,99.67,54.77466993,84.21097561,1.9,2.5,,52.41,
2019,YR2019,Argentina,ARG,1.994,5.71E+11,12716.2242,-2.000861003,4.0685,3.71,0.908098116,,113.14,112.42,66.12758631,77.284,9.2,10.3,,50.302,
2019,YR2019,Brazil,BRA,1.703,1.82E+12,8592.211207,1.220777824,2.303,2.24,0.269179881,167.3978603,112.23,109.12,65.14404739,75.338,13.2,14.8,,55.198,
2019,YR2019,France,FRA,1.86,2.62E+12,38832.0242,1.842971814,3.311,6.1,0.268074772,110.0485668,98.39,98,53.60917447,82.82682927,3.3,4.2,19.70000076,51.257,
2019,YR2019,Germany,DEU,1.54,3.60E+12,43292.68389,1.075471636,4.391,7.91,0.140974635,112.8548771,88.69,94.41,51.9423104,81.29268293,3.2,3.7,27.01128197,56.67,
2019,YR2019,Poland,POL,1.44,5.72E+11,15053.23237,4.449987879,,6.09,0.29118561,114.1117794,90.07,101.5,57.77953342,77.90487805,3.8,4.4,27.25865364,48.593,
2019,YR2019,Nigeria,NGA,5.379,5.09E+11,2505.462239,2.208429277,0.367,,0.18136343,267.5055467,109.64,109.77,,52.91,74,116.9,6.571269989,52.142,
2019,YR2019,Kenya,KEN,3.469,84264984851,1653.828985,5.114158858,,1.33,0.113833856,189.9731107,108.66,107.28,77.4226613,62.943,32.2,43.4,4.809080124,62.903,
2019,YR2019,United Kingdom,GBR,1.63,3.16E+12,47240.59962,1.641610996,2.942,2.45,0.091052257,119.6227113,101.7,104.43,63.92079219,81.40487805,3.8,4.3,29.00269699,58.43,
2019,YR2019,China,CHN,1.496,1.43E+13,10155.51088,5.950500754,2.258,4.83,0.077543873,125.0831544,107.84,104.25,39.24806213,77.968,6,8,,,
2019,YR2019,Japan,JPN,1.36,4.56E+12,36043.7844,-0.402169201,,12.88,0.032566551,105.4842679,97.86,100.39,54.55458113,84.35634146,1.8,2.5,,53.274,
2020,YR2020,Argentina,ARG,1.911,5.15E+11,11346.65211,-9.900484814,3.895,3.2,0.925776916,,106.59,108.57,65.70470681,75.892,8.9,10,,46.806,
2020,YR2020,Brazil,BRA,1.649,1.76E+12,8255.568013,-3.276758796,,2.43,0.270315568,172.7742913,116.58,111.97,63.14400091,74.009,13,14.5,,50.247,
2020,YR2020,France,FRA,1.83,2.42E+12,35806.61789,-7.540459162,3.324,6,0.265743167,110.5729469,89.97,93.7,53.19647843,82.17560976,3.3,4.2,20.97877502,50.628,
2020,YR2020,Germany,DEU,1.53,3.46E+12,41601.97316,-3.826768716,4.459,7.8,0.140258271,113.0183789,90.66,95.45,50.19981021,81.04146341,3.1,3.7,28.35000038,55.424,
2020,YR2020,Poland,POL,1.39,5.60E+11,14774.9892,-2.020070734,3.714,6.11,0.29420247,117.9624468,107.75,111.87,56.52953023,76.5,3.8,4.4,28.01000023,48.345,
2020,YR2020,Nigeria,NGA,5.309,5.00E+11,2401.183415,-1.794253083,,,0.176990636,302.9393941,112.71,112.64,,52.887,72.3,113.9,,,
2020,YR2020,Kenya,KEN,3.397,84035138347,1616.502404,-0.272766327,,,0.111568971,200.2414652,137.6,125.82,76.43936064,62.675,31.8,43,3.741810083,,
2020,YR2020,United Kingdom,GBR,1.56,2.83E+12,42191.91737,-10.35990082,3.041,2.43,0.089123319,120.8063621,83.04,98.14,59.2158963,80.35121951,3.7,4.3,37.27999878,58.634,
2020,YR2020,China,CHN,1.281,1.46E+13,10358.17,2.238638356,2.387,5,0.077217773,128.1094436,107.94,105.49,38.20031239,78.077,5.5,7.5,7.679999828,,
2020,YR2020,Japan,JPN,1.33,4.38E+12,34650.79678,-4.147118899,2.614,12.72,0.032504099,105.4579012,95.99,100.3,54.05305069,84.56,1.8,2.4,25.54000092,53.124,
2021,YR2021,Argentina,ARG,1.885,5.70E+11,12444.31827,10.71800993,,3.34,0.921412666,,107.19,108.4,62.99008318,75.39,8.6,9.7,,50.48,
2021,YR2021,Brazil,BRA,1.641,1.84E+12,8603.152214,4.762604379,2.142,2.46,0.271794833,187.1174251,115.35,112.13,61.36799664,72.75,12.8,14.3,,52.373,
2021,YR2021,France,FRA,1.84,2.58E+12,38002.19424,6.435209621,,,0.26498553,112.3889211,96.52,96.72,52.57505841,82.32439024,3.3,4.1,22.93774605,52.246,
2021,YR2021,Germany,DEU,1.58,3.57E+12,42900.02252,3.163819942,4.518,,0.140126798,116.4842759,90.39,94.49,49.35769672,80.7902439,3.1,3.6,29.04074669,55.383,
2021,YR2021,Poland,POL,1.33,5.99E+11,15863.23111,6.934980384,,,0.293499446,123.9254804,107.9,110.69,56.1877732,75.50243902,3.8,4.4,28.23747063,50.582,
2021,YR2021,Nigeria,NGA,5.237,5.18E+11,2429.58529,3.647186541,0.395,,0.172782434,354.2962423,118.31,117.33,,52.676,70.5,110.6,10.96539974,,
2021,YR2021,Kenya,KEN,3.335,90413816677,1705.74039,7.590489473,0.226,,0.109422372,212.4720858,133.91,123.29,75.49614963,61.427,31,41.9,5.679631233,62.847,
2021,YR2021,United Kingdom,GBR,1.56,3.08E+12,45889.61102,8.674904114,3.171,2.35,0.089663385,123.8487146,90.1,100.53,59.95134144,80.7,3.6,4.2,39.59000015,58.363,
2021,YR2021,China,CHN,1.164,1.59E+13,11223.25535,8.448469417,,,0.077078082,129.3662166,109.76,109.89,38.11356525,78.211,5.1,7,,,
2021,YR2021,Japan,JPN,1.3,4.49E+12,35701.45427,2.559320239,,,0.032510727,105.2118123,95.82,100.37,53.53661083,84.44560976,1.8,2.3,,53.546,
2022,YR2022,Argentina,ARG,1.876,5.98E+11,12940.73844,4.95636996,,,,,107.33,109.39,65.52038299,76.064,8.4,9.4,,52.079,
2022,YR2022,Brazil,BRA,1.626,1.90E+12,8822.045043,3.016694354,,,,204.4821206,115.91,113.77,63.06410281,73.425,12.5,14,,53.747,
2022,YR2022,France,FRA,1.794,2.64E+12,38816.47928,2.454758177,,,,118.2582836,94.72,94.02,53.39222733,82.22926829,3.3,4.1,22.5577774,52.52,
2022,YR2022,Germany,DEU,1.455,3.63E+12,43361.17712,1.806208967,,,,124.4897444,91.48,92.71,51.05478473,80.70560976,3,3.6,29.20609856,56.13,
2022,YR2022,Poland,POL,1.261,6.33E+11,17178.66834,5.637566766,,,,141.8072466,110.01,111.71,57.85446719,77.30487805,3.8,4.4,28.64535713,51.189,
2022,YR2022,Nigeria,NGA,5.143,5.35E+11,2449.587981,3.251681408,,,,421.0711203,120.89,119.85,,53.633,68.5,107.2,3.477272749,77.17,
2022,YR2022,Kenya,KEN,3.296,94795844230,1754.58548,4.846634856,,,,228.7471558,116.97,112.38,76.37858253,62.055,30.5,41.1,6.092589855,,
2022,YR2022,United Kingdom,GBR,1.57,3.21E+12,47343.47438,4.345228834,,,,133.6600703,94.33,101.24,61.86263982,82.05853659,3.6,4.1,35.85205078,58.155,
2022,YR2022,China,CHN,1.175,1.63E+13,11560.24212,2.989084086,,,,131.9193567,111.85,111.75,37.39180924,78.587,4.8,6.6,,,
2022,YR2022,Japan,JPN,1.26,4.53E+12,36202.63927,0.954736938,,,,107.8396906,94.6,100.27,55.57564532,83.99634146,1.7,2.3,,54.2,
2023,YR2023,Argentina,ARG,,5.89E+11,12625.46955,-1.550501536,,,,,,,67.15153354,,,,,53.163,
2023,YR2023,Brazil,BRA,,1.95E+12,9032.113614,2.908480487,,,,213.8751353,,,63.3285869,,,,,53.098,
2023,YR2023,France,FRA,,2.66E+12,38975.57662,0.703718547,,,,124.0273452,,,53.72512575,,,,24.35462189,52.82,
2023,YR2023,Germany,DEU,,3.62E+12,42878.81184,-0.304934576,,,,131.8924482,,,50.70666997,,,,,56.413,
2023,YR2023,Poland,POL,,6.34E+11,17269.99417,0.160586011,,,,158.1560804,,,57.22752488,,,,,51.972,
2023,YR2023,Nigeria,NGA,,5.51E+11,2460.394496,2.860214991,,,,524.9053647,,,,,,,,,
2023,YR2023,Kenya,KEN,,99939292458,1813.760973,5.425816151,,,,246.2952568,,,76.99105155,,,,,,
2023,YR2023,United Kingdom,GBR,,3.21E+12,47005.11901,0.104017849,,,,142.7408914,,,61.8238931,,,,37.12955856,58.108,
2023,YR2023,China,CHN,,1.72E+13,12174.00411,5.2,,,,132.2291519,,,,,,,,,
2023,YR2023,Japan,JPN,,4.62E+12,37079.10922,1.923055531,,,,111.3640359,,,,,,,,54.8,
