,year,year_code,country_name,country_code,total_fertility_rate,gdp_2015_dollar,gdp_per_capita_2015_dollar,gdp_growth,physicians_per_1000,hospital_beds_per_1000,arable_land_hectare_per_person,cpi,crop_production_index,food_production_index,percent_of_household_expenditure_in_gdp,life_expectancy_at_birth,infant_mortality_rate,child_mortality_rate,female_percentage_in_labor
160,1990,YR1990,Argentina,ARG,3.034,266000000000.0,8144.494294,-2.467213778,2.68,4.594299793,0.814243498,,39.14,50.98,77.13937288,71.784,25.4,28.8,29.11
161,1990,YR1990,Brazil,BRA,2.905,917000000000.0,6086.077553,-4.35,1.074,3.345299959,0.314120605,0.000892704,41.03,38.46,59.30249784,65.985,52.5,63.0,44.951
162,1990,YR1990,France,FRA,1.77,1660000000000.0,28617.44357,2.923935081,3.118,9.699999809,0.306398339,71.18812578,98.6,101.62,55.2059426,76.6,7.5,9.0,46.701
163,1990,YR1990,Germany,DEU,1.45,2340000000000.0,29485.70997,5.255006083,,10.39999962,0.150705571,67.47511036,89.56,99.54,56.346298,75.08563415,7.0,8.5,45.355
164,1990,YR1990,Poland,POL,2.06,195000000000.0,5111.34533,,2.145,5.699999809,0.377530957,6.983705296,128.14,116.13,,70.8902439,15.2,17.4,
165,1990,YR1990,Nigeria,NGA,6.459,153000000000.0,1608.779561,11.77688593,,1.668200016,0.294850802,2.413855134,38.98,39.15,,46.037,124.4,209.6,
166,1990,YR1990,Kenya,KEN,6.129,30431959354.0,1313.859163,4.192050972,,1.647199988,0.215436579,8.669019857,36.73,42.71,62.38967339,58.614,64.4,100.9,
167,1990,YR1990,United Kingdom,GBR,1.83,1770000000000.0,30874.50893,0.733755496,1.618,5.900000095,0.115638064,61.09672647,98.26,97.83,66.45464914,75.8804878,7.9,9.3,52.444
168,1990,YR1990,China,CHN,2.514,1030000000000.0,905.0324572,3.920251368,1.129,2.579999924,0.109057114,40.44026323,40.1,35.78,49.99260181,68.005,42.8,53.7,73.02
169,1990,YR1990,Japan,JPN,1.54,3510000000000.0,28422.21312,4.840929057,1.649,,0.038614166,94.53432995,123.84,108.84,50.46461582,78.83707317,4.6,6.3,50.116
170,1991,YR1991,Argentina,ARG,3.012,290000000000.0,8762.661384,9.133110567,,,0.805901981,,42.3,52.87,80.44422596,72.319,25.1,28.3,39.6
171,1991,YR1991,Brazil,BRA,2.815,927000000000.0,6043.432634,1.032189585,,,0.301467795,0.004756207,41.89,40.32,61.56819162,66.31,50.4,60.2,44.02
172,1991,YR1991,France,FRA,1.75,1680000000000.0,28664.13188,1.048175847,3.171,9.600000382,0.304508843,73.47569023,91.09,98.44,55.0567232,76.84878049,7.1,8.6,46.877
173,1991,YR1991,Germany,DEU,1.33,2460000000000.0,30766.92896,5.108261522,2.762,10.10000038,0.144462407,70.20585007,81.2,92.12,56.03827721,75.3195122,6.6,8.0,48.137
174,1991,YR1991,Poland,POL,2.07,181000000000.0,4735.927698,-7.015578793,2.173,5.699999809,0.375462206,12.34506088,117.55,108.31,,70.58780488,14.8,16.9,
175,1991,YR1991,Nigeria,NGA,6.426,154000000000.0,1573.702248,0.358352602,,,0.296871507,2.727824622,44.86,44.38,,45.691,124.1,209.1,40.3
176,1991,YR1991,Kenya,KEN,5.935,30869676465.0,1290.633547,1.438346792,,,0.213101008,10.41014877,52.99,53.64,63.51437586,58.005,65.7,104.0,
177,1991,YR1991,United Kingdom,GBR,1.82,1750000000000.0,30439.64586,-1.103121658,1.633,5.599999905,0.114358063,65.65563159,98.62,98.39,67.09445202,76.08292683,7.4,8.7,52.27
178,1991,YR1991,China,CHN,1.934,1120000000000.0,975.4629156,9.262786085,,2.599999905,0.108513356,41.87859627,41.28,37.33,47.9171579,68.169,42.5,53.2,
179,1991,YR1991,Japan,JPN,1.53,3630000000000.0,29308.27409,3.523357235,,,0.038236907,97.60805554,123.21,108.74,49.95509941,79.03682927,4.5,6.2,50.678
180,1992,YR1992,Argentina,ARG,2.987,313000000000.0,9327.859451,7.937291556,2.645,,0.79792578,,43.01,53.03,81.85652656,72.43,24.4,27.6,35.2
181,1992,YR1992,Brazil,BRA,2.719,922000000000.0,5911.687023,-0.54407205,1.128,,0.289369926,0.050033488,44.32,42.55,61.51919593,66.708,48.2,57.2,53.177
182,1992,YR1992,France,FRA,1.74,1710000000000.0,28977.8889,1.599342677,3.223,9.399999619,0.303261126,75.21247954,100.14,102.42,55.11126162,77.1,6.7,8.1,47.303
183,1992,YR1992,Germany,DEU,1.29,2510000000000.0,31121.07057,1.923076559,2.841,9.899999619,0.142227066,73.75614444,81.59,87.29,56.02029306,75.8195122,6.2,7.6,47.866
184,1992,YR1992,Poland,POL,1.95,186000000000.0,4840.168585,2.514978614,2.189,5.599999905,0.373712972,18.03595643,95.57,93.4,,71.0902439,14.4,16.5,62.594
185,1992,YR1992,Nigeria,NGA,6.391,161000000000.0,1605.548136,4.631192946,0.185,,0.30045304,3.944130052,48.45,47.68,,45.668,123.6,208.3,
186,1992,YR1992,Kenya,KEN,5.746,30622875267.0,1242.018953,-0.799493959,,,0.214635766,13.25548857,53.83,54.09,67.30425088,57.259,66.6,106.7,
187,1992,YR1992,United Kingdom,GBR,1.79,1760000000000.0,30479.197,0.40108203,1.646,5.400000095,0.11382345,68.67024228,102.32,100.87,68.15940372,76.43414634,6.9,8.2,52.385
188,1992,YR1992,China,CHN,1.776,1280000000000.0,1100.646116,14.22452959,,2.619999886,0.105496279,44.53955446,42.68,39.58,45.27461981,68.734,41.9,52.2,
189,1992,YR1992,Japan,JPN,1.5,3670000000000.0,29462.65397,0.900586066,1.702,,0.037886277,99.32623361,129.02,112.22,50.70164067,79.0802439,4.4,6.1,50.729
190,1993,YR1993,Argentina,ARG,2.966,339000000000.0,9957.256522,8.206979072,,4.599999905,0.790249224,,40.78,53.09,69.20596257,72.565,23.6,26.6,37.9
191,1993,YR1993,Brazil,BRA,2.672,967000000000.0,6103.377215,4.924690004,1.155,3.5,0.277699804,1.014369318,43.62,42.98,60.08239899,67.109,45.8,54.1,52.53
192,1993,YR1993,France,FRA,1.73,1690000000000.0,28670.88633,-0.628666352,3.251,9.300000191,0.305108607,76.79529818,90.41,96.96,55.367523,77.3,6.2,7.5,47.775
193,1993,YR1993,Germany,DEU,1.28,2480000000000.0,30615.14021,-0.976849818,2.937,9.699999809,0.14387042,77.05641956,82.24,86.23,56.65952744,75.87073171,5.9,7.2,47.604
194,1993,YR1993,Poland,POL,1.87,193000000000.0,5008.349089,3.738310295,2.228,5.599999905,0.371931262,24.70279742,124.11,105.84,,71.59512195,13.9,16.0,62.131
195,1993,YR1993,Nigeria,NGA,6.354,158000000000.0,1533.183686,-2.035118774,0.192,,0.292871455,6.198801969,50.95,50.64,,45.788,123.1,207.2,
196,1993,YR1993,Kenya,KEN,5.574,30731034422.0,1210.272533,0.353197256,0.138,,0.199276696,19.35021392,53.74,53.68,63.12596642,56.617,67.1,108.7,
197,1993,YR1993,United Kingdom,GBR,1.76,1800000000000.0,31163.27534,2.48983102,1.684,5.099999905,0.105529215,70.42722397,95.91,97.93,69.11539858,76.38536585,6.6,7.7,52.468
198,1993,YR1993,China,CHN,1.691,1460000000000.0,1239.129373,13.8837293,,2.630000114,0.102932691,51.04681839,45.5,43.25,43.99616115,69.216,41.0,50.9,
199,1993,YR1993,Japan,JPN,1.46,3650000000000.0,29232.43979,-0.459219716,,15.60000038,0.037531343,100.5609043,113.05,105.03,51.77879864,79.30365854,4.4,6.0,50.329
200,1994,YR1994,Argentina,ARG,2.935,359000000000.0,10397.37929,5.836200704,,,0.782807213,,43.86,55.66,69.92190499,73.172,22.6,25.4,36.8
201,1994,YR1994,Brazil,BRA,2.617,1020000000000.0,6358.678787,5.852870362,1.184,,0.266404984,22.07154429,47.23,46.25,59.63732748,67.568,43.4,51.0,
202,1994,YR1994,France,FRA,1.73,1730000000000.0,29237.53551,2.358408439,3.286,9.100000382,0.305021686,78.06665611,91.26,98.15,55.00196209,77.64878049,5.7,7.0,47.97
203,1994,YR1994,Germany,DEU,1.24,2540000000000.0,31238.87906,2.391892071,3.009,9.699999809,0.14495628,79.13159239,79.25,83.33,56.19195977,76.27073171,5.5,6.8,47.781
204,1994,YR1994,Poland,POL,1.81,203000000000.0,5262.315235,5.292802067,2.286,5.599999905,0.371017542,32.85256564,96.03,88.17,,71.69512195,13.3,15.3,62.085
205,1994,YR1994,Nigeria,NGA,6.319,155000000000.0,1467.091921,-1.814924485,,,0.293961125,9.734084664,52.37,52.48,,45.513,122.3,205.9,
206,1994,YR1994,Kenya,KEN,5.446,31540116339.0,1206.873242,2.632784518,,,0.208619171,24.92585992,55.37,54.88,62.41638725,56.273,66.9,109.6,
207,1994,YR1994,United Kingdom,GBR,1.74,1870000000000.0,32279.53374,3.846009161,1.698,4.800000191,0.102150245,71.99001295,91.29,98.07,69.08732911,76.88536585,6.3,7.4,52.5
208,1994,YR1994,China,CHN,1.628,1650000000000.0,1384.930157,13.03680663,,2.630000114,0.101272408,63.42923988,46.34,45.76,44.08781767,69.52,39.9,49.3,
209,1994,YR1994,Japan,JPN,1.5,3690000000000.0,29466.75525,1.083383174,1.772,15.5,0.037226989,101.2602632,128.21,110.73,52.72983177,79.69682927,4.2,5.9,50.177
210,1995,YR1995,Argentina,ARG,2.864,348000000000.0,9969.331576,-2.845209611,,,0.775622809,,49.49,58.99,68.56078874,73.133,21.5,24.2,41.33
211,1995,YR1995,Brazil,BRA,2.579,1070000000000.0,6524.518853,4.223793634,1.214,,0.260299756,36.64031594,48.36,48.91,63.7064387,67.919,41.0,47.9,50.235
212,1995,YR1995,France,FRA,1.74,1770000000000.0,29745.12873,2.106629158,3.307,8.899999619,0.305206302,79.46910908,93.05,100.3,54.71047951,77.75121951,5.3,6.5,48.216
213,1995,YR1995,Germany,DEU,1.25,2580000000000.0,31628.15981,1.544146496,3.075,9.699999809,0.144898169,80.4817043,83.52,85.8,55.84225777,76.42195122,5.3,6.5,47.677
214,1995,YR1995,Poland,POL,1.62,217000000000.0,5628.446239,7.102865538,2.329,5.5,0.368182426,42.03531392,109.48,96.32,59.29055816,71.89268293,12.5,14.4,61.016
215,1995,YR1995,Nigeria,NGA,6.273,155000000000.0,1429.012072,-0.072664764,,,0.304101366,16.82395412,54.75,54.64,,45.487,121.2,203.8,
216,1995,YR1995,Kenya,KEN,5.366,32929842157.0,1225.143873,4.406216525,0.132,,0.202318989,25.31328958,58.7,57.13,69.26173616,55.617,66.2,109.5,
217,1995,YR1995,United Kingdom,GBR,1.71,1920000000000.0,33009.30415,2.531670045,1.757,4.800000191,0.102311259,73.93194008,91.59,98.78,63.70654286,76.83658537,6.1,7.2,52.463
218,1995,YR1995,China,CHN,1.588,1830000000000.0,1520.029469,10.95395434,1.194,2.609999895,0.099248457,74.07978637,49.53,50.15,45.7541657,70.008,38.5,47.5,
219,1995,YR1995,Japan,JPN,1.42,3790000000000.0,30171.16379,2.630999616,,15.39999962,0.036900663,101.1307523,123.67,107.87,52.74382277,79.53609756,4.1,5.7,49.981
220,1996,YR1996,Argentina,ARG,2.781,368000000000.0,10388.53871,5.526689827,,3.289999962,0.768931635,,47.35,57.09,68.52372765,73.307,20.5,23.0,44.5
221,1996,YR1996,Brazil,BRA,2.516,1090000000000.0,6567.352461,2.20886405,1.245,3.109999895,0.259821415,42.4139744,45.54,48.83,65.15739922,68.409,38.6,44.9,49.002
222,1996,YR1996,France,FRA,1.75,1800000000000.0,30057.96555,1.412993673,3.326,8.800000191,0.304652882,81.04488905,101.55,105.96,55.12606746,77.95365854,4.9,6.1,48.599
223,1996,YR1996,Germany,DEU,1.3,2600000000000.0,31790.86686,0.805822891,3.124,9.600000382,0.144479331,81.64846931,87.51,87.92,56.31072458,76.67317073,5.0,6.2,47.84
224,1996,YR1996,Poland,POL,1.59,231000000000.0,5968.114357,6.115542811,2.365,5.5,0.362569021,50.35619041,111.27,98.56,61.23242347,72.24634146,11.5,13.2,60.495
225,1996,YR1996,Nigeria,NGA,6.217,161000000000.0,1451.819572,4.195924047,,,0.298315958,21.74803826,57.45,57.19,,45.567,119.7,201.1,
226,1996,YR1996,Kenya,KEN,5.306,34295389782.0,1241.878536,4.146839269,,,0.169142695,27.55708169,55.96,55.29,76.06955253,55.161,65.2,108.4,
227,1996,YR1996,United Kingdom,GBR,1.73,1960000000000.0,33775.5009,2.582022529,1.798,4.599999905,0.104836166,76.04031811,102.21,98.0,64.04323989,77.08780488,6.0,7.0,52.889
228,1996,YR1996,China,CHN,1.554,2010000000000.0,1653.433789,9.922556753,1.201,2.549999952,0.098015687,80.23815776,53.41,52.59,46.84924222,70.266,37.0,45.6,
229,1996,YR1996,Japan,JPN,1.43,3900000000000.0,31046.17015,3.133870993,1.841,15.19999981,0.036594384,101.2688973,120.18,105.66,52.44951052,80.2197561,4.0,5.5,50.037
230,1997,YR1997,Argentina,ARG,2.706,397000000000.0,11097.38206,8.111046771,,,0.762788199,,53.49,61.91,69.32637095,73.09,19.5,21.9,44.5
231,1997,YR1997,Brazil,BRA,2.465,1130000000000.0,6689.199377,3.394845986,1.281,,0.259376174,45.35186848,48.73,50.75,65.30962969,68.813,36.4,42.1,50.037
232,1997,YR1997,France,FRA,1.77,1840000000000.0,30650.74448,2.336296529,3.343,8.600000382,0.304654278,82.02062327,101.95,106.73,54.13416235,78.30487805,4.6,5.8,48.27
233,1997,YR1997,Germany,DEU,1.35,2650000000000.0,32313.29707,1.792160821,3.139,9.399999619,0.144231523,83.23193685,88.71,88.53,56.19172424,77.07317073,4.8,5.9,48.18
234,1997,YR1997,Poland,POL,1.51,245000000000.0,6348.841217,6.449003079,2.373,5.400000095,0.362383524,57.86588895,100.69,93.0,62.12383894,72.64634146,10.5,12.0,50.193
235,1997,YR1997,Nigeria,NGA,6.138,166000000000.0,1457.227896,2.937099419,,,0.291762505,23.60311856,59.36,59.14,,45.792,117.7,197.5,
236,1997,YR1997,Kenya,KEN,5.26,34458259247.0,1214.847642,0.474901921,,,0.169720603,30.68807461,53.37,54.56,77.17953611,54.816,64.0,106.6,
237,1997,YR1997,United Kingdom,GBR,1.72,2060000000000.0,35347.76354,4.924928652,1.855,4.599999905,0.109196375,77.71407435,100.96,97.74,65.65614823,77.21097561,5.8,6.9,53.302
238,1997,YR1997,China,CHN,1.527,2200000000000.0,1787.766977,9.236779892,1.216,2.549999952,0.096773977,82.47396598,54.75,54.69,45.89575779,70.672,35.4,43.6,
239,1997,YR1997,Japan,JPN,1.39,3940000000000.0,31276.19308,0.981228732,,15.10000038,0.036245508,103.0388797,121.48,106.02,52.60381194,80.42414634,3.8,5.2,50.383
240,1998,YR1998,Argentina,ARG,2.662,413000000000.0,11391.94516,3.850178852,3.003,,0.756902614,,61.75,66.67,69.05335622,73.474,18.7,20.9,45.5
241,1998,YR1998,Brazil,BRA,2.409,1130000000000.0,6613.983181,0.338097901,1.267,,0.258968959,46.80089527,49.63,51.64,64.14230076,69.189,34.3,39.5,50.768
242,1998,YR1998,France,FRA,1.78,1900000000000.0,31633.14775,3.588659425,3.355,8.399999619,0.304322162,82.55468159,103.3,107.26,53.95807074,78.60487805,4.4,5.6,48.591
243,1998,YR1998,Germany,DEU,1.36,2700000000000.0,32959.07357,2.013932785,3.182,9.300000191,0.144782524,83.99033256,92.38,89.95,55.65254515,77.47560976,4.7,5.7,48.408
244,1998,YR1998,Poland,POL,1.44,257000000000.0,6641.085312,4.640514962,2.347,5.300000191,0.363573057,64.5770911,113.63,101.65,62.00183494,72.99756098,9.5,10.9,49.953
245,1998,YR1998,Nigeria,NGA,6.069,170000000000.0,1457.70111,2.581254102,,,0.291368981,25.96257554,61.1,61.35,,46.036,115.3,193.0,
246,1998,YR1998,Kenya,KEN,5.246,35592009622.0,1221.524316,3.290213722,,,0.16054982,32.75106095,62.78,60.8,77.69400906,54.526,62.4,103.8,
247,1998,YR1998,United Kingdom,GBR,1.71,2130000000000.0,36448.26422,3.414269874,1.899,4.400000095,0.10691239,79.12890697,97.39,97.66,66.17920262,77.1902439,5.7,6.8,53.325
248,1998,YR1998,China,CHN,1.522,2370000000000.0,1909.622328,7.845951787,1.214,2.529999971,0.095850024,81.83628882,56.45,57.94,45.50532406,71.172,33.7,41.4,
249,1998,YR1998,Japan,JPN,1.38,3890000000000.0,30795.08889,-1.270330495,1.89,15.0,0.035878165,103.7209705,111.93,101.28,52.99932488,80.50146341,3.6,5.0,50.136
250,1999,YR1999,Argentina,ARG,2.643,399000000000.0,10880.20621,-3.385457041,,,0.751152067,,59.74,68.32,70.14226507,73.722,17.9,20.1,46.8
251,1999,YR1999,Brazil,BRA,2.331,1140000000000.0,6551.226671,0.467937566,1.364,,0.25864293,49.0746922,52.84,55.27,64.68011944,69.524,32.2,37.0,52.061
252,1999,YR1999,France,FRA,1.81,1970000000000.0,32546.93405,3.421373799,3.355,8.300000191,0.303334864,82.99811716,106.61,107.74,53.61302899,78.75609756,4.3,5.5,48.917
253,1999,YR1999,Germany,DEU,1.36,2760000000000.0,33559.39937,1.887261154,3.217,9.199999809,0.143994702,84.48203974,96.44,92.66,56.19724396,77.72682927,4.5,5.5,48.963
254,1999,YR1999,Poland,POL,1.37,269000000000.0,6950.797735,4.654891852,2.282,5.099999905,0.363991241,69.19698328,100.52,94.11,62.63413043,73.04390244,8.7,10.0,49.691
255,1999,YR1999,Nigeria,NGA,6.082,171000000000.0,1429.405592,0.584126893,,,0.292408495,27.68087574,63.76,64.06,,46.614,112.6,187.9,
256,1999,YR1999,Kenya,KEN,5.181,36412543752.0,1215.163924,2.305388595,,,0.170064344,34.63162722,62.19,62.02,78.58002959,54.495,60.5,100.3,70.438
257,1999,YR1999,United Kingdom,GBR,1.68,2200000000000.0,37440.79406,3.066176125,1.913,4.199999809,0.1008308,80.51599778,99.81,97.87,66.49770716,77.3902439,5.6,6.7,53.784
258,1999,YR1999,China,CHN,1.53,2550000000000.0,2038.206474,7.6616515,1.244,2.519999981,0.095023888,80.68937558,58.43,60.65,46.20561664,71.419,31.9,39.1,
259,1999,YR1999,Japan,JPN,1.34,3880000000000.0,30636.26612,-0.333929958,,14.80000019,0.035560013,103.366974,115.01,102.63,54.09736476,80.46097561,3.4,4.7,49.595
260,2000,YR2000,Argentina,ARG,2.591,396000000000.0,10672.72204,-0.788998939,,4.1,0.745600834,,60.89,69.14,69.3320118,73.926,17.3,19.4,44.11
261,2000,YR2000,Brazil,BRA,2.255,1190000000000.0,6745.857771,4.387949447,,2.78,0.258412684,52.53158274,53.96,56.86,64.59270034,69.737,30.3,34.6,
262,2000,YR2000,France,FRA,1.89,2050000000000.0,33592.46683,3.923669227,3.375,8.25,0.301280089,84.38913231,103.98,103.54,53.85737039,79.05609756,4.1,5.4,49.076
263,2000,YR2000,Germany,DEU,1.38,2840000000000.0,34490.07577,2.912502964,3.272,9.19,0.143580872,85.69880785,101.29,93.72,56.29925703,77.92682927,4.4,5.4,48.858
264,2000,YR2000,Poland,POL,1.37,281000000000.0,7344.120761,4.56098541,2.208,4.900000095,0.365747555,76.04760599,101.87,93.24,63.83698761,73.74878049,8.1,9.3,48.873
265,2000,YR2000,Nigeria,NGA,6.124,180000000000.0,1462.535997,5.015934759,0.269,1.2,0.284895684,29.60007172,64.38,64.5,,47.193,109.6,182.5,
266,2000,YR2000,Kenya,KEN,5.137,36630908099.0,1187.32581,0.599695391,,,0.158533076,38.08787233,57.92,58.55,78.29077157,54.411,58.2,96.1,
267,2000,YR2000,United Kingdom,GBR,1.64,2290000000000.0,38918.45506,4.318727058,1.994,4.08,0.09977499,81.4684668,98.54,95.57,66.14250985,77.74146341,5.6,6.5,54.191
268,2000,YR2000,China,CHN,1.628,2770000000000.0,2193.896866,8.490093406,1.268,1.71,0.094278281,80.97002229,61.97,63.37,46.73235842,71.881,29.9,36.7,67.903
269,2000,YR2000,Japan,JPN,1.36,3990000000000.0,31430.63113,2.764647551,1.935,14.7,0.03527195,102.6676151,114.41,101.97,53.66877113,81.07609756,3.3,4.5,49.279
270,2001,YR2001,Argentina,ARG,2.531,378000000000.0,10090.65344,-4.408839683,3.2481,,0.740278416,,63.93,69.29,68.91198431,74.186,16.8,18.8,43.2
271,2001,YR2001,Brazil,BRA,2.183,1200000000000.0,6749.881603,1.389896401,,2.75,0.258259998,56.1249316,57.21,59.51,64.10770837,70.195,28.5,32.4,54.387
272,2001,YR2001,France,FRA,1.9,2090000000000.0,34009.8624,1.983721419,3.408,8.12,0.298951945,85.76870964,95.4,99.36,54.12079053,79.15853659,3.9,5.3,48.865
273,2001,YR2001,Germany,DEU,1.35,2880000000000.0,35011.06846,1.681468481,3.327,9.1,0.143448825,87.39894991,100.61,94.16,56.46404669,78.32926829,4.3,5.2,49.293
274,2001,YR2001,Poland,POL,1.31,285000000000.0,7438.603435,1.258569461,2.243,,0.355155119,80.16051562,103.88,94.16,64.60933941,74.2,7.6,8.8,49.693
275,2001,YR2001,Nigeria,NGA,6.139,190000000000.0,1508.55359,5.917684649,,,0.282602007,35.18668454,63.49,64.33,,47.619,106.6,177.0,
276,2001,YR2001,Kenya,KEN,5.091,38015522174.0,1195.443778,3.779906498,,,0.161256122,40.27358227,66.82,66.11,79.57030879,54.508,55.6,91.2,
277,2001,YR2001,United Kingdom,GBR,1.63,2350000000000.0,39768.66635,2.578741046,2.043,4.04,0.095585779,82.71684853,86.81,88.34,66.16646381,77.99268293,5.5,6.4,54.08
278,2001,YR2001,China,CHN,1.563,3000000000000.0,2359.572385,8.335733478,1.287,1.69,0.094062857,81.55229846,63.25,64.45,45.51980966,72.606,27.8,34.1,
279,2001,YR2001,Japan,JPN,1.33,4000000000000.0,31476.05207,0.386103426,,14.61,0.03495112,101.9078177,113.41,99.95,54.42205916,81.41634146,3.1,4.3,49.147
280,2002,YR2002,Argentina,ARG,2.493,337000000000.0,8895.319642,-10.89448483,,,0.735435645,,65.11,68.91,61.89842386,74.408,16.4,18.4,45.6
281,2002,YR2002,Brazil,BRA,2.103,1240000000000.0,6868.695907,3.053461859,,2.56,0.258216179,60.86758058,60.96,63.61,61.89843503,70.41,26.7,30.3,55.913
282,2002,YR2002,France,FRA,1.88,2110000000000.0,34146.30627,1.135531482,3.435,8.01,0.297195394,87.41839554,103.96,104.46,53.97312935,79.26097561,3.7,5.1,49.065
283,2002,YR2002,Germany,DEU,1.34,2880000000000.0,34883.05807,-0.197973835,3.364,8.99,0.142941146,88.64071957,91.73,89.99,55.74177024,78.22926829,4.2,5.1,49.36
284,2002,YR2002,Poland,POL,1.25,290000000000.0,7593.559655,2.035863041,2.279,5.599999905,0.340305418,81.68779962,95.38,91.16,66.5149825,74.49756098,7.3,8.4,48.838
285,2002,YR2002,Nigeria,NGA,6.135,219000000000.0,1693.745727,15.32915574,,,0.275406441,39.71752584,66.64,67.65,,47.928,103.6,171.3,
286,2002,YR2002,Kenya,KEN,5.016,38223413680.0,1166.065286,0.54685953,0.138,1.9,0.155308953,41.06347134,66.41,67.9,78.61447034,54.99,52.9,86.1,
287,2002,YR2002,United Kingdom,GBR,1.63,2390000000000.0,40310.30494,1.791985616,2.114,3.98,0.097455842,83.97447753,97.87,93.96,65.86757694,78.14390244,5.4,6.3,54.638
288,2002,YR2002,China,CHN,1.566,3280000000000.0,2557.891612,9.13363079,1.143,1.73,0.093742337,80.95535936,66.02,67.12,44.91301883,72.985,25.7,31.5,
289,2002,YR2002,Japan,JPN,1.32,4000000000000.0,31416.12418,0.041962499,1.979,14.45,0.034673781,100.9667051,111.91,100.92,55.06246488,81.69073171,3.0,4.1,48.539
290,2003,YR2003,Argentina,ARG,2.451,367000000000.0,9581.969792,8.837040796,,,0.779248451,,67.6,71.49,63.19780641,74.08,15.9,17.8,48.97
291,2003,YR2003,Brazil,BRA,2.023,1250000000000.0,6865.17325,1.140828998,,2.4,0.258332073,69.8241962,66.32,68.05,61.84465042,70.72,25.0,28.3,56.018
292,2003,YR2003,France,FRA,1.89,2130000000000.0,34183.66334,0.823160757,3.454,7.84,0.294823214,89.25284626,89.85,95.96,54.24440075,79.11463415,3.6,4.9,50.323
293,2003,YR2003,Germany,DEU,1.34,2860000000000.0,34619.66407,-0.700116686,3.401,8.87,0.143298214,89.55746156,81.79,86.1,56.46346261,78.3804878,4.1,5.0,49.737
294,2003,YR2003,Poland,POL,1.22,300000000000.0,7864.518264,3.498391213,2.408,6.61,0.329463203,82.24548335,87.46,88.01,65.01950063,74.59756098,7.0,8.1,48.188
295,2003,YR2003,Nigeria,NGA,6.116,236000000000.0,1769.882237,7.347194968,0.262,,0.268322216,45.29060312,70.19,70.53,,48.441,100.6,165.6,
296,2003,YR2003,Kenya,KEN,4.907,39344305939.0,1165.166103,2.932475546,,,0.15239676,45.09413465,67.58,69.79,77.1191802,55.601,50.2,81.1,
297,2003,YR2003,United Kingdom,GBR,1.7,2470000000000.0,41385.54047,3.146572528,2.201,3.95,0.094873929,85.13038654,93.0,91.97,65.34966074,78.44634146,5.3,6.2,54.552
298,2003,YR2003,China,CHN,1.57,3600000000000.0,2797.176659,10.03803048,1.19,1.76,0.093310721,81.86821482,65.89,68.08,42.707785,73.371,23.5,28.9,
299,2003,YR2003,Japan,JPN,1.29,4070000000000.0,31830.21758,1.535125499,,14.27,0.03442741,100.7076833,106.01,97.92,54.89712551,81.76,2.9,4.0,48.246
300,2004,YR2004,Argentina,ARG,2.43,400000000000.0,10341.64341,9.029573301,3.1857,,0.822223687,,66.46,73.94,64.33150085,74.855,15.4,17.3,50.312
301,2004,YR2004,Brazil,BRA,2.002,1330000000000.0,7178.347485,5.759964637,,,0.258528973,74.43062767,68.9,70.89,60.20657719,71.131,23.5,26.4,56.948
302,2004,YR2004,France,FRA,1.92,2190000000000.0,34893.52981,2.829752929,3.473,7.69,0.292874392,91.16472224,106.67,104.2,54.05297711,80.16341463,3.4,4.8,50.141
303,2004,YR2004,Germany,DEU,1.36,2890000000000.0,35034.08061,1.175088132,3.426,8.71,0.144189763,91.04925331,103.86,95.66,56.14301752,78.6804878,4.0,4.8,49.432
304,2004,YR2004,Poland,POL,1.23,315000000000.0,8261.227441,4.98284457,2.266,6.6,0.330258412,85.02755758,102.06,94.52,64.42533472,74.84634146,6.8,7.8,47.692
305,2004,YR2004,Nigeria,NGA,6.085,257000000000.0,1882.181986,9.250558229,,0.5,0.261420181,52.0833031,74.89,75.1,,48.767,97.6,160.0,48.45
306,2004,YR2004,Kenya,KEN,4.83,41352557259.0,1188.570711,5.104299776,,1.4,0.151127408,50.33589289,69.09,72.96,75.52468789,56.361,47.5,76.1,
307,2004,YR2004,United Kingdom,GBR,1.75,2530000000000.0,42149.27034,2.426496549,2.331,3.86,0.097002887,86.31403736,94.77,92.39,65.1328369,78.74634146,5.2,6.1,54.932
308,2004,YR2004,China,CHN,1.605,3970000000000.0,3061.833173,10.11362138,1.22,1.82,0.092907724,84.9993772,70.44,71.68,40.6109056,73.748,21.4,26.3,
309,2004,YR2004,Japan,JPN,1.29,4150000000000.0,32515.1158,2.186115694,2.031,14.2,0.034274935,100.6990493,107.94,98.71,54.73026208,82.0302439,2.8,3.9,48.249
310,2005,YR2005,Argentina,ARG,2.426,435000000000.0,11141.31067,8.85165992,,4.0,0.864887809,,77.46,83.0,63.02939215,75.139,15.0,16.7,49.476
311,2005,YR2005,Brazil,BRA,1.974,1370000000000.0,7325.90355,3.202132061,,2.5,0.258745663,79.54366733,67.94,71.33,60.50425181,71.753,22.0,24.7,58.11
312,2005,YR2005,France,FRA,1.94,2220000000000.0,35208.8558,1.66321998,3.476,7.52,0.290838215,92.75633919,99.78,100.25,54.39488534,80.16341463,3.3,4.6,50.358
313,2005,YR2005,Germany,DEU,1.34,2910000000000.0,35310.47047,0.731707164,3.448,8.6,0.144344409,92.45770436,96.0,92.16,56.53853717,78.93170732,3.9,4.7,51.066
314,2005,YR2005,Poland,POL,1.24,326000000000.0,8554.693897,3.506834614,2.115,6.45,0.318114986,86.88438829,89.34,88.53,63.08562083,74.99512195,6.5,7.6,47.625
315,2005,YR2005,Nigeria,NGA,6.068,274000000000.0,1950.122368,6.438516525,0.279,,0.254692975,61.38720049,79.41,79.33,,49.297,94.7,154.6,
316,2005,YR2005,Kenya,KEN,4.784,43795114732.0,1221.859289,5.90666608,,,0.146862666,55.52692196,78.4,81.11,75.39938901,57.344,44.5,71.0,56.62
317,2005,YR2005,United Kingdom,GBR,1.76,2600000000000.0,43007.36292,2.738842404,2.408,3.72,0.0948491,88.11725541,94.57,93.13,64.54517572,79.04878049,5.1,6.0,55.28
318,2005,YR2005,China,CHN,1.624,4420000000000.0,3390.716159,11.39459181,1.244,1.87,0.092549951,86.50931811,72.56,74.57,39.58687836,74.111,19.4,24.0,
319,2005,YR2005,Japan,JPN,1.26,4230000000000.0,33098.54747,1.803900872,,14.07,0.034123015,100.4141253,110.45,99.65,54.80194383,81.95512195,2.8,3.7,48.367
320,2006,YR2006,Argentina,ARG,2.4,470000000000.0,11913.95853,8.0471515,,,0.901351022,,75.44,82.05,63.27018804,75.433,14.5,16.2,50.104
321,2006,YR2006,Brazil,BRA,1.927,1420000000000.0,7534.5425,3.961988711,,2.45,0.259050012,82.87143085,71.56,75.18,60.43767644,72.037,20.6,23.2,57.834
322,2006,YR2006,France,FRA,2.0,2280000000000.0,35821.87199,2.449323601,3.469,7.41,0.288220984,94.31012335,96.17,96.0,54.23642332,80.81219512,3.3,4.5,50.424
323,2006,YR2006,Germany,DEU,1.33,3020000000000.0,36699.44678,3.816441913,3.487,8.42,0.144046021,93.91615662,90.6,90.14,55.68542774,79.13170732,3.8,4.6,52.196
324,2006,YR2006,Poland,POL,1.27,347000000000.0,9084.949214,6.131136459,2.156,6.4,0.3242682,88.00058677,81.17,86.25,62.11443282,75.14390244,6.3,7.3,47.009
325,2006,YR2006,Nigeria,NGA,6.081,291000000000.0,2013.274011,6.059428032,0.344,,0.248140086,66.43643372,85.08,84.33,,49.73,92.1,149.7,
326,2006,YR2006,Kenya,KEN,4.748,46629751037.0,1262.814666,6.4724943,,1.4,0.143804025,63.55263568,79.15,82.95,76.23178007,58.222,42.2,66.7,
327,2006,YR2006,United Kingdom,GBR,1.82,2660000000000.0,43711.15502,2.386275368,2.46,3.54,0.100153139,90.28111707,91.57,92.57,63.71234982,79.24878049,5.0,5.9,55.79
328,2006,YR2006,China,CHN,1.644,4980000000000.0,3800.765796,12.72095567,1.278,1.95,0.092296888,87.93622961,74.41,76.14,37.75197952,74.504,17.7,21.9,
329,2006,YR2006,Japan,JPN,1.32,4290000000000.0,33531.51856,1.372350128,2.083,13.97,0.033968433,100.664513,105.08,97.69,55.02901694,82.32195122,2.7,3.6,48.482
330,2007,YR2007,Argentina,ARG,2.37,513000000000.0,12857.09258,9.007650875,,,0.927495161,,85.6,89.82,62.53123291,75.006,14.1,15.8,48.9
331,2007,YR2007,Brazil,BRA,1.881,1510000000000.0,7909.825247,6.069870607,,2.47,0.259655845,85.88900587,77.72,79.93,59.87494756,72.365,19.4,21.8,57.583
332,2007,YR2007,France,FRA,1.98,2330000000000.0,36464.95927,2.424736243,3.449,7.35,0.285624865,95.71345616,93.28,95.01,54.11628961,81.11219512,3.2,4.4,50.766
333,2007,YR2007,Germany,DEU,1.37,3110000000000.0,37842.35779,2.976455131,3.533,8.35,0.144372478,96.07467298,91.69,91.83,53.99391891,79.53414634,3.7,4.5,52.671
334,2007,YR2007,Poland,POL,1.31,371000000000.0,9731.769454,7.061534634,2.168,6.36,0.310147595,90.16429514,90.34,92.53,60.40944566,75.24390244,6.0,7.0,46.766
335,2007,YR2007,Nigeria,NGA,6.08,310000000000.0,2088.60443,6.591130361,0.373,,0.241715735,70.01603406,78.37,79.1,,50.033,89.6,145.2,
336,2007,YR2007,Kenya,KEN,4.719,49824229273.0,1309.895639,6.85072977,,,0.139338771,69.75466128,83.84,87.81,74.85466096,58.865,40.3,62.8,
337,2007,YR2007,United Kingdom,GBR,1.86,2730000000000.0,44508.6058,2.620331222,2.492,3.39,0.099229543,92.43573146,86.86,90.72,63.61358688,79.44878049,4.9,5.8,55.553
338,2007,YR2007,China,CHN,1.666,5690000000000.0,4319.031398,14.23086093,1.298,2.02,0.091773494,92.17191349,77.42,78.0,36.36952582,74.762,16.1,20.1,
339,2007,YR2007,Japan,JPN,1.34,4350000000000.0,33990.03603,1.483969412,,13.87,0.033796611,100.7249514,108.09,99.43,54.83529295,82.50707317,2.6,3.5,48.451
340,2008,YR2008,Argentina,ARG,2.341,533000000000.0,13246.63489,4.057233103,,,0.884851378,,87.18,91.03,63.07458348,75.641,13.8,15.4,48.422
341,2008,YR2008,Brazil,BRA,1.842,1590000000000.0,8231.100373,5.094195447,,2.57,0.260333196,90.76629373,84.38,85.18,59.73079267,72.715,18.4,20.6,57.213
342,2008,YR2008,France,FRA,2.01,2340000000000.0,36354.65866,0.25494596,3.443,7.18,0.283764931,98.40574355,100.16,99.74,54.46591514,81.21463415,3.2,4.4,50.954
343,2008,YR2008,Germany,DEU,1.38,3140000000000.0,38278.31301,0.959879134,3.58,8.3,0.145317086,98.59988029,100.26,96.41,54.22467789,79.73658537,3.6,4.4,52.567
344,2008,YR2008,Poland,POL,1.39,387000000000.0,10139.11914,4.199981264,2.139,6.55,0.315875679,93.91961273,95.01,92.96,61.95083741,75.54390244,5.8,6.7,47.169
345,2008,YR2008,Nigeria,NGA,6.078,331000000000.0,2170.058816,6.764472778,0.371,,0.235440412,78.1246436,83.65,84.11,,50.225,87.5,141.3,
346,2008,YR2008,Kenya,KEN,4.646,49939962360.0,1274.404679,0.232282745,0.169,,0.135249297,88.0581565,81.69,88.32,75.32755981,59.614,38.1,58.5,
347,2008,YR2008,United Kingdom,GBR,1.91,2720000000000.0,44060.0031,-0.225726975,2.571,3.34,0.097157288,95.69077122,100.18,94.69,63.7124749,79.6,4.8,5.6,55.843
348,2008,YR2008,China,CHN,1.701,6240000000000.0,4711.643449,9.650678919,1.347,2.17,0.091488543,97.63333106,82.16,82.67,35.28788015,74.872,14.8,18.5,
349,2008,YR2008,Japan,JPN,1.37,4300000000000.0,33557.6454,-1.224289001,2.147,13.71,0.033639693,102.1150352,108.94,99.94,55.76379845,82.58756098,2.5,3.4,48.421
350,2009,YR2009,Argentina,ARG,2.344,502000000000.0,12336.86194,-5.918525076,,,0.847763579,,62.18,76.08,62.97814769,75.936,13.4,15.0,49.131
351,2009,YR2009,Brazil,BRA,1.825,1580000000000.0,8142.761048,-0.125812002,,2.55,0.261066419,95.20298175,82.14,84.14,61.9564599,72.948,17.4,19.5,57.714
352,2009,YR2009,France,FRA,2.0,2270000000000.0,35129.36224,-2.873313828,3.394,6.92,0.282119487,98.49196713,103.75,100.92,55.37744355,81.41463415,3.1,4.3,51.356
353,2009,YR2009,Germany,DEU,1.36,2960000000000.0,36190.39289,-5.693836336,3.648,8.3,0.145844488,98.90824058,103.7,98.31,56.44073549,79.83658537,3.5,4.3,53.351
354,2009,YR2009,Poland,POL,1.4,398000000000.0,10419.21487,2.832184053,2.148,6.58,0.316264562,97.4842306,99.11,95.77,61.6705235,75.69512195,5.5,6.3,47.797
355,2009,YR2009,Nigeria,NGA,6.039,357000000000.0,2281.386346,8.036925101,0.373,,0.235459763,87.91977683,73.67,75.54,,50.712,85.7,138.0,
356,2009,YR2009,Kenya,KEN,4.514,51591446860.0,1278.140902,3.306939816,0.171,,0.136258535,96.18955755,80.75,89.82,72.47434243,60.365,37.4,55.2,71.54
357,2009,YR2009,United Kingdom,GBR,1.89,2600000000000.0,41709.96617,-4.614957402,2.653,3.27,0.0971317,97.56796745,96.15,92.54,64.28607401,80.05121951,4.6,5.4,55.99
358,2009,YR2009,China,CHN,1.714,6830000000000.0,5128.904128,9.398725633,1.423,2.33,0.091180235,96.92239907,83.79,85.1,35.32729591,75.343,13.6,17.0,
359,2009,YR2009,Japan,JPN,1.37,4050000000000.0,31651.08377,-5.693236359,,13.61,0.033534562,100.7335855,104.43,98.31,57.61411925,82.93146341,2.4,3.3,48.499
360,2010,YR2010,Argentina,ARG,2.346,553000000000.0,13551.33919,10.12539816,,4.5,0.931712218,,86.69,88.2,64.23411476,75.721,12.9,14.5,48.048
361,2010,YR2010,Brazil,BRA,1.81,1700000000000.0,8673.898383,7.528225818,,2.55,0.261798247,100.0,87.79,89.08,60.22282916,73.182,16.6,18.6,
362,2010,YR2010,France,FRA,2.03,2320000000000.0,35638.12156,1.949437623,3.397,6.67,0.281416857,100.0,98.02,98.59,55.35569033,81.66341463,3.1,4.2,51.368
363,2010,YR2010,Germany,DEU,1.39,3090000000000.0,37760.91363,4.179882499,3.734,8.29,0.14485748,100.0,91.64,94.55,55.10868039,79.98780488,3.5,4.2,52.727
364,2010,YR2010,Poland,POL,1.41,409000000000.0,10755.65644,2.934638181,2.156,6.51,0.28465312,100.0,88.29,91.19,62.13266052,76.24634146,5.1,6.0,48.247
365,2010,YR2010,Nigeria,NGA,5.98,386000000000.0,2397.323545,8.005655916,,,0.223295203,100.0,84.62,85.24,,50.945,84.2,135.3,
366,2010,YR2010,Kenya,KEN,4.367,55748929986.0,1342.768702,8.058473603,0.172,1.4,0.132472997,100.0,93.82,98.14,72.82572138,60.649,36.9,53.3,
367,2010,YR2010,United Kingdom,GBR,1.92,2660000000000.0,42310.74991,2.238688634,2.656,2.93,0.095114637,100.0,95.03,94.39,63.8534136,80.40243902,4.4,5.2,55.905
368,2010,YR2010,China,CHN,1.687,7550000000000.0,5647.068727,10.63587106,1.463,2.51,0.089804778,100.0,86.35,87.79,34.32634109,75.599,12.5,15.7,63.73
369,2010,YR2010,Japan,JPN,1.39,4220000000000.0,32942.20208,4.097917919,2.213,13.51,0.03343484,100.0,100.44,96.15,56.86856542,82.84268293,2.3,3.2,48.402
370,2011,YR2011,Argentina,ARG,2.338,586000000000.0,14200.26989,6.003951693,,4.41,0.936139243,,93.46,92.78,64.22032128,76.124,12.4,13.9,48.239
371,2011,YR2011,Brazil,BRA,1.8,1770000000000.0,8935.277314,3.974423079,1.843,2.51,0.262516945,106.6364496,93.54,92.3,60.27385176,73.343,16.0,17.9,54.687
372,2011,YR2011,France,FRA,2.01,2370000000000.0,36244.18716,2.192700633,3.172,6.6,0.279659268,102.111598,100.82,100.92,54.98251285,82.11463415,3.1,4.2,51.26
373,2011,YR2011,Germany,DEU,1.39,3210000000000.0,39977.34171,3.925192705,3.822,8.26,0.147929025,102.0751728,90.66,95.21,54.38668528,80.43658537,3.4,4.1,54.311
374,2011,YR2011,Poland,POL,1.33,430000000000.0,11291.90359,5.042187883,2.181,6.53,0.291567287,104.2394015,92.25,93.24,61.47778026,76.69512195,4.9,5.7,48.415
375,2011,YR2011,Nigeria,NGA,5.918,406000000000.0,2455.746494,5.307924203,,,0.217395055,110.8261372,78.01,78.94,,51.357,82.9,132.9,56.899
376,2011,YR2011,Kenya,KEN,4.219,58603891851.0,1374.544246,5.12110612,0.177,,0.136038007,114.0224913,86.46,93.55,76.01175636,61.046,36.4,52.1,
377,2011,YR2011,United Kingdom,GBR,1.91,2690000000000.0,42462.10673,1.145101541,2.691,2.88,0.095828549,103.8561124,99.42,96.67,63.96441696,80.95121951,4.3,5.0,56.052
378,2011,YR2011,China,CHN,1.668,8280000000000.0,6152.696873,9.550832179,1.489,2.73,0.088235622,105.5538989,90.95,90.95,34.92042834,75.903,11.5,14.6,
379,2011,YR2011,Japan,JPN,1.39,4220000000000.0,33011.13423,0.023809524,,13.38,0.033277792,99.72754438,100.36,94.97,57.22006823,82.59121951,2.3,3.2,48.148
380,2012,YR2012,Argentina,ARG,2.33,580000000000.0,13895.63371,-1.026420454,,4.6,0.949431929,,82.09,86.64,64.90339911,76.467,11.9,13.3,48.382
381,2012,YR2012,Brazil,BRA,1.767,1800000000000.0,9025.313996,1.921175986,,2.47,0.263279346,112.3985493,90.56,91.55,61.41186683,73.552,15.4,17.2,52.467
382,2012,YR2012,France,FRA,2.01,2380000000000.0,36182.15113,0.313134751,3.188,6.58,0.278420291,104.107058,97.23,97.79,54.71887262,81.96829268,3.1,4.1,51.5
383,2012,YR2012,Germany,DEU,1.41,3220000000000.0,40069.35396,0.418497594,3.892,8.22,0.147141795,104.1253413,94.85,96.12,54.9069504,80.53902439,3.4,4.0,54.058
384,2012,YR2012,Poland,POL,1.33,436000000000.0,11466.41593,1.545221571,2.201,6.53,0.287022908,107.9507115,96.53,96.02,61.61865001,76.74634146,4.7,5.4,48.768
385,2012,YR2012,Nigeria,NGA,5.832,424000000000.0,2490.213111,4.230061175,,,0.211687801,124.3737916,86.87,86.95,,51.497,81.8,130.9,
386,2012,YR2012,Kenya,KEN,4.088,61281315912.0,1401.490825,4.568679614,0.185,,0.132644782,124.7152583,92.55,96.4,75.20151804,61.115,36.5,51.3,
387,2012,YR2012,United Kingdom,GBR,1.92,2730000000000.0,42805.84252,1.512936749,2.697,2.8,0.097519294,106.5285741,85.71,90.81,64.19101192,80.90487805,4.1,4.8,56.289
388,2012,YR2012,China,CHN,1.798,8930000000000.0,6591.662494,7.863736449,1.565,3.05,0.086640501,108.318909,93.5,93.74,35.38653491,76.192,10.5,13.5,
389,2012,YR2012,Japan,JPN,1.41,4280000000000.0,33518.44494,1.374750999,2.284,13.33,0.033268301,99.68359993,101.42,96.88,57.67911944,83.09609756,2.2,3.0,48.088
390,2013,YR2013,Argentina,ARG,2.322,594000000000.0,14071.50868,2.405323781,3.9385,4.8,0.933378212,,90.59,94.03,65.98756553,76.491,11.4,12.8,47.961
391,2013,YR2013,Brazil,BRA,1.748,1860000000000.0,9216.13228,3.004822669,1.876,2.45,0.264086523,119.3721044,97.26,97.65,61.71525008,73.918,14.9,16.7,52.445
392,2013,YR2013,France,FRA,1.99,2390000000000.0,36203.19087,0.576326675,3.209,6.52,0.277349472,105.0062468,96.03,96.25,54.63569856,82.2195122,3.1,4.1,51.72
393,2013,YR2013,Germany,DEU,1.42,3240000000000.0,40135.01583,0.437591303,3.984,8.17,0.14726159,105.6921396,96.18,97.08,54.55684991,80.4902439,3.3,4.0,54.603
394,2013,YR2013,Poland,POL,1.29,440000000000.0,11571.61485,0.856557081,2.208,6.51,0.283699905,109.0215637,95.65,95.19,61.09435712,77.0,4.5,5.2,48.597
395,2013,YR2013,Nigeria,NGA,5.738,452000000000.0,2585.647196,6.671335393,0.376,,0.206231326,134.93999,83.37,84.66,,51.707,80.8,129.1,56.433
396,2013,YR2013,Kenya,KEN,3.952,63608687383.0,1420.078692,3.797848393,0.194,,0.129486345,131.8458452,100.34,101.73,76.49696253,61.389,36.0,50.1,
397,2013,YR2013,United Kingdom,GBR,1.83,2780000000000.0,43282.20975,1.792322216,2.706,2.75,0.097701056,108.9698539,89.62,92.79,64.73095571,81.00487805,4.0,4.6,56.637
398,2013,YR2013,China,CHN,1.714,9620000000000.0,7056.423092,7.766150098,1.661,3.33,0.085366773,111.1580018,95.7,95.75,35.83313112,76.452,9.7,12.5,
399,2013,YR2013,Japan,JPN,1.43,4360000000000.0,34239.88625,2.005100177,,13.28,0.03325356,100.0175778,101.07,100.92,58.13846101,83.33195122,2.1,2.9,48.799
400,2014,YR2014,Argentina,ARG,2.312,579000000000.0,13567.94842,-2.512615321,,4.86,0.919056938,,94.16,95.14,65.38307973,76.755,10.9,12.2,47.712
401,2014,YR2014,Brazil,BRA,1.767,1870000000000.0,9183.459727,0.50395574,,2.44,0.264892818,126.9272129,98.65,98.98,62.95957071,74.306,14.5,16.3,52.383
402,2014,YR2014,France,FRA,2.0,2410000000000.0,36378.61866,0.956183052,3.225,6.46,0.276467027,105.5394253,105.3,102.48,54.30970362,82.7195122,3.1,4.1,51.631
403,2014,YR2014,Germany,DEU,1.47,3310000000000.0,40851.16173,2.209543431,4.064,8.14,0.146562529,106.6505496,107.61,102.97,53.42225092,81.0902439,3.3,4.0,54.829
404,2014,YR2014,Poland,POL,1.32,457000000000.0,12024.60951,3.836958494,2.273,6.53,0.287490166,109.0802406,105.29,101.74,60.27013581,77.60243902,4.3,5.0,48.8
405,2014,YR2014,Nigeria,NGA,5.664,480000000000.0,2677.493581,6.309718655,,,0.201060307,145.7991654,95.08,95.48,,51.791,80.0,127.7,
406,2014,YR2014,Kenya,KEN,3.844,66801914097.0,1457.543066,5.020111002,0.2,,0.126549514,140.9144068,101.59,102.26,76.06804651,61.816,35.2,48.9,
407,2014,YR2014,United Kingdom,GBR,1.81,2860000000000.0,44337.67864,3.195782466,2.742,2.72,0.096490376,110.5511374,104.19,100.68,64.35844241,81.30487805,3.9,4.5,56.902
408,2014,YR2014,China,CHN,1.769,10300000000000.0,7532.785301,7.425763656,1.715,3.58,0.084267418,113.2940602,97.36,97.62,36.70789836,76.717,8.9,11.5,
409,2014,YR2014,Japan,JPN,1.42,4380000000000.0,34386.90586,0.296205514,2.354,13.18,0.033172004,102.7772895,101.89,100.86,57.63158453,83.58780488,2.1,2.8,49.231
410,2015,YR2015,Argentina,ARG,2.301,595000000000.0,13789.06042,2.731159828,3.973,4.97,0.935248349,,104.14,103.91,65.90583734,76.76,10.5,11.8,
411,2015,YR2015,Brazil,BRA,1.777,1800000000000.0,8783.215424,-3.545763393,,2.35,0.265697534,138.3886146,102.82,101.68,63.96479727,74.332,14.2,15.9,53.032
412,2015,YR2015,France,FRA,1.96,2440000000000.0,36652.92231,1.112912341,3.24,6.4,0.277673626,105.5790178,103.95,102.22,54.04624751,82.32195122,3.2,4.2,51.63
413,2015,YR2015,Germany,DEU,1.5,3360000000000.0,41103.25644,1.491931528,4.12,8.09,0.145017646,107.1991879,97.52,99.27,52.97004805,80.64146341,3.3,3.9,54.715
414,2015,YR2015,Poland,POL,1.32,477000000000.0,12560.05142,4.383298635,2.294,6.54,0.286602483,108.126742,92.36,96.53,58.91482265,77.45121951,4.2,4.9,48.832
415,2015,YR2015,Nigeria,NGA,5.616,493000000000.0,2679.554223,2.652693295,,,0.196183842,158.9348464,97.29,97.74,,51.841,79.2,126.2,
416,2015,YR2015,Kenya,KEN,3.8,70120446897.0,1496.653573,4.967721128,,,0.123795428,150.1896105,98.27,102.07,75.51675787,61.892,34.1,47.5,
417,2015,YR2015,United Kingdom,GBR,1.8,2930000000000.0,44964.39114,2.220258322,2.773,2.61,0.092311871,110.9580174,102.87,101.35,64.09373368,80.95609756,3.9,4.5,57.065
418,2015,YR2015,China,CHN,1.67,11100000000000.0,8016.445595,7.041328879,1.8,3.82,0.083248156,114.9221228,101.49,101.33,37.77300366,76.977,8.2,10.7,
419,2015,YR2015,Japan,JPN,1.45,4440000000000.0,34960.63938,1.560626697,,13.15,0.033073517,103.5946564,99.82,99.72,55.77079666,83.79390244,2.0,2.8,49.462
420,2016,YR2016,Argentina,ARG,2.241,582000000000.0,13360.21183,-2.080327844,3.987,4.97,0.921361802,,101.71,100.95,65.72189147,76.308,10.1,11.4,
421,2016,YR2016,Brazil,BRA,1.709,1740000000000.0,8426.843221,-3.275916908,,2.32,0.266557636,150.4825942,98.53,99.34,64.2514796,74.442,15.0,16.7,53.277
422,2016,YR2016,France,FRA,1.92,2470000000000.0,36956.7958,1.095464404,3.255,6.32,0.275101723,105.7725809,90.75,95.29,54.26329455,82.57317073,3.3,4.2,51.616
423,2016,YR2016,Germany,DEU,1.6,3430000000000.0,41682.03224,2.229999868,4.187,8.06,0.142843839,107.7263367,94.87,97.76,52.75448682,80.9902439,3.3,3.9,55.616
424,2016,YR2016,Poland,POL,1.39,491000000000.0,12936.57326,2.953508842,2.381,6.54,0.284592448,107.4079507,102.35,101.73,58.8300269,77.85121951,4.1,4.8,48.812
425,2016,YR2016,Nigeria,NGA,5.584,485000000000.0,2570.959759,-1.616868949,0.443,,0.191496198,183.8825515,107.64,106.78,,52.043,78.2,124.5,
426,2016,YR2016,Kenya,KEN,3.724,73074983895.0,1525.743551,4.213517068,,,0.12109907,159.647425,100.15,95.67,76.40732156,62.163,33.6,46.3,71.46
427,2016,YR2016,United Kingdom,GBR,1.79,2980000000000.0,45482.17829,1.921063414,2.783,2.57,0.091843685,112.0769373,92.94,97.98,64.74271268,81.15609756,3.8,4.4,57.424
428,2016,YR2016,China,CHN,1.772,11800000000000.0,8516.528742,6.848762205,1.891,4.06,0.081750001,117.2205674,101.14,101.05,38.67498195,77.218,7.6,9.9,
429,2016,YR2016,Japan,JPN,1.44,4480000000000.0,35242.19938,0.753826746,2.426,13.11,0.032925179,103.462823,98.3,99.42,54.70149969,83.98487805,2.0,2.7,50.261
430,2017,YR2017,Argentina,ARG,2.168,599000000000.0,13595.03736,2.818502978,3.979,5.02,0.916927535,,106.82,105.91,66.73957332,76.833,9.8,11.0,48.009
431,2017,YR2017,Brazil,BRA,1.736,1770000000000.0,8470.940604,1.322869054,2.158,2.3,0.267437283,155.6687862,109.59,106.98,64.49430634,74.827,13.7,15.3,54.154
432,2017,YR2017,France,FRA,1.89,2520000000000.0,37694.0833,2.291419994,3.275,6.23,0.275925184,106.864453,103.14,101.33,53.98438649,82.57560976,3.3,4.2,51.309
433,2017,YR2017,Germany,DEU,1.57,3520000000000.0,42639.55441,2.680231114,4.251,8.01,0.142419876,109.3524602,95.45,97.5,52.10840608,80.99268293,3.2,3.9,55.932
434,2017,YR2017,Poland,POL,1.48,516000000000.0,13599.81802,5.140017574,2.343,6.53,0.287216589,109.6376705,103.14,106.19,59.45468869,77.75365854,4.0,4.6,48.889
435,2017,YR2017,Nigeria,NGA,5.523,489000000000.0,2526.99961,0.805886619,,,0.186877338,214.2273396,109.74,109.08,,52.305,77.0,122.4,
436,2017,YR2017,Kenya,KEN,3.643,75879571212.0,1550.203457,3.837958174,,,0.118492763,172.4282386,97.26,90.64,77.91296198,62.481,33.4,45.4,
437,2017,YR2017,United Kingdom,GBR,1.74,3060000000000.0,46373.63853,2.655069668,2.814,2.54,0.09208272,114.9435916,101.62,102.21,64.19844205,81.25609756,3.8,4.4,57.61
438,2017,YR2017,China,CHN,1.813,12600000000000.0,9053.228725,6.947200793,2.006,4.34,0.080240412,119.0880504,103.12,102.37,38.54274622,77.248,7.0,9.2,
439,2017,YR2017,Japan,JPN,1.43,4550000000000.0,35861.97285,1.675331752,,13.05,0.032771005,103.9637898,98.65,99.87,54.61369476,84.0997561,1.9,2.6,51.074
440,2018,YR2018,Argentina,ARG,2.039,583000000000.0,13105.39716,-2.617396463,,3.71,0.903679284,,92.2,97.51,69.47018229,76.999,9.5,10.6,49.523
441,2018,YR2018,Brazil,BRA,1.749,1800000000000.0,8553.865902,1.783666762,,2.26,0.268287169,161.3738142,109.91,107.51,64.61607497,75.109,13.4,15.0,54.429
442,2018,YR2018,France,FRA,1.87,2570000000000.0,38259.69777,1.865066071,3.276,6.16,0.269905388,108.8423164,95.93,97.17,53.88176563,82.67560976,3.3,4.3,51.431
443,2018,YR2018,Germany,DEU,1.57,3560000000000.0,42928.74124,0.981232606,4.311,7.98,0.141497972,111.2466294,81.78,91.87,52.09971921,80.89268293,3.2,3.8,55.853
444,2018,YR2018,Poland,POL,1.46,547000000000.0,14408.38439,5.945208477,,6.44,0.289903159,111.6253484,93.26,102.62,58.85367829,77.60243902,3.9,4.5,48.907
445,2018,YR2018,Nigeria,NGA,5.447,498000000000.0,2512.080475,1.922757342,0.376,,0.183580001,240.1383645,114.88,114.06,,52.554,75.7,119.9,
446,2018,YR2018,Kenya,KEN,3.58,80165208728.0,1604.802932,5.647946407,0.161,,0.116108436,180.5147893,108.89,100.31,77.10290786,62.676,32.8,44.3,
447,2018,YR2018,United Kingdom,GBR,1.68,3110000000000.0,46740.55359,1.403792086,2.834,2.5,0.090847971,117.5790642,91.3,99.59,64.65968562,81.25609756,3.8,4.4,57.864
448,2018,YR2018,China,CHN,1.554,13500000000000.0,9619.209475,6.749773832,2.124,4.6,0.078854473,121.5588779,104.39,103.42,38.52188052,77.744,6.4,8.6,
449,2018,YR2018,Japan,JPN,1.42,4580000000000.0,36138.52908,0.643391023,2.498,13.0,0.032662782,104.99209,96.95,99.67,54.77466993,84.21097561,1.9,2.5,52.41
450,2019,YR2019,Argentina,ARG,1.994,571000000000.0,12716.2242,-2.000861003,4.0685,3.71,0.908098116,,113.14,112.42,66.12758631,77.284,9.2,10.3,50.302
451,2019,YR2019,Brazil,BRA,1.703,1820000000000.0,8592.211207,1.220777824,2.303,2.24,0.269179881,167.3978603,112.23,109.12,65.14404739,75.338,13.2,14.8,55.198
452,2019,YR2019,France,FRA,1.86,2620000000000.0,38832.0242,1.842971814,3.311,6.1,0.268074772,110.0485668,98.39,98.0,53.60917447,82.82682927,3.3,4.2,51.257
453,2019,YR2019,Germany,DEU,1.54,3600000000000.0,43292.68389,1.075471636,4.391,7.91,0.140974635,112.8548771,88.69,94.41,51.9423104,81.29268293,3.2,3.7,56.67
454,2019,YR2019,Poland,POL,1.44,572000000000.0,15053.23237,4.449987879,,6.09,0.29118561,114.1117794,90.07,101.5,57.77953342,77.90487805,3.8,4.4,48.593
455,2019,YR2019,Nigeria,NGA,5.379,509000000000.0,2505.462239,2.208429277,0.367,,0.18136343,267.5055467,109.64,109.77,,52.91,74.0,116.9,52.142
456,2019,YR2019,Kenya,KEN,3.469,84264984851.0,1653.828985,5.114158858,,1.33,0.113833856,189.9731107,108.66,107.28,77.4226613,62.943,32.2,43.4,62.903
457,2019,YR2019,United Kingdom,GBR,1.63,3160000000000.0,47240.59962,1.641610996,2.942,2.45,0.091052257,119.6227113,101.7,104.43,63.92079219,81.40487805,3.8,4.3,58.43
458,2019,YR2019,China,CHN,1.496,14300000000000.0,10155.51088,5.950500754,2.258,4.83,0.077543873,125.0831544,107.84,104.25,39.24806213,77.968,6.0,8.0,
459,2019,YR2019,Japan,JPN,1.36,4560000000000.0,36043.7844,-0.402169201,,12.88,0.032566551,105.4842679,97.86,100.39,54.55458113,84.35634146,1.8,2.5,53.274
460,2020,YR2020,Argentina,ARG,1.911,515000000000.0,11346.65211,-9.900484814,3.895,3.2,0.925776916,,106.59,108.57,65.70470681,75.892,8.9,10.0,46.806
461,2020,YR2020,Brazil,BRA,1.649,1760000000000.0,8255.568013,-3.276758796,,2.43,0.270315568,172.7742913,116.58,111.97,63.14400091,74.009,13.0,14.5,50.247
462,2020,YR2020,France,FRA,1.83,2420000000000.0,35806.61789,-7.540459162,3.324,6.0,0.265743167,110.5729469,89.97,93.7,53.19647843,82.17560976,3.3,4.2,50.628
463,2020,YR2020,Germany,DEU,1.53,3460000000000.0,41601.97316,-3.826768716,4.459,7.8,0.140258271,113.0183789,90.66,95.45,50.19981021,81.04146341,3.1,3.7,55.424
464,2020,YR2020,Poland,POL,1.39,560000000000.0,14774.9892,-2.020070734,3.714,6.11,0.29420247,117.9624468,107.75,111.87,56.52953023,76.5,3.8,4.4,48.345
465,2020,YR2020,Nigeria,NGA,5.309,500000000000.0,2401.183415,-1.794253083,,,0.176990636,302.9393941,112.71,112.64,,52.887,72.3,113.9,
466,2020,YR2020,Kenya,KEN,3.397,84035138347.0,1616.502404,-0.272766327,,,0.111568971,200.2414652,137.6,125.82,76.43936064,62.675,31.8,43.0,
467,2020,YR2020,United Kingdom,GBR,1.56,2830000000000.0,42191.91737,-10.35990082,3.041,2.43,0.089123319,120.8063621,83.04,98.14,59.2158963,80.35121951,3.7,4.3,58.634
468,2020,YR2020,China,CHN,1.281,14600000000000.0,10358.17,2.238638356,2.387,5.0,0.077217773,128.1094436,107.94,105.49,38.20031239,78.077,5.5,7.5,
469,2020,YR2020,Japan,JPN,1.33,4380000000000.0,34650.79678,-4.147118899,2.614,12.72,0.032504099,105.4579012,95.99,100.3,54.05305069,84.56,1.8,2.4,53.124
470,2021,YR2021,Argentina,ARG,1.885,570000000000.0,12444.31827,10.71800993,,3.34,0.921412666,,107.19,108.4,62.99008318,75.39,8.6,9.7,50.48
471,2021,YR2021,Brazil,BRA,1.641,1840000000000.0,8603.152214,4.762604379,2.142,2.46,0.271794833,187.1174251,115.35,112.13,61.36799664,72.75,12.8,14.3,52.373
472,2021,YR2021,France,FRA,1.84,2580000000000.0,38002.19424,6.435209621,,,0.26498553,112.3889211,96.52,96.72,52.57505841,82.32439024,3.3,4.1,52.246
473,2021,YR2021,Germany,DEU,1.58,3570000000000.0,42900.02252,3.163819942,4.518,,0.140126798,116.4842759,90.39,94.49,49.35769672,80.7902439,3.1,3.6,55.383
474,2021,YR2021,Poland,POL,1.33,599000000000.0,15863.23111,6.934980384,,,0.293499446,123.9254804,107.9,110.69,56.1877732,75.50243902,3.8,4.4,50.582
475,2021,YR2021,Nigeria,NGA,5.237,518000000000.0,2429.58529,3.647186541,0.395,,0.172782434,354.2962423,118.31,117.33,,52.676,70.5,110.6,
476,2021,YR2021,Kenya,KEN,3.335,90413816677.0,1705.74039,7.590489473,0.226,,0.109422372,212.4720858,133.91,123.29,75.49614963,61.427,31.0,41.9,62.847
477,2021,YR2021,United Kingdom,GBR,1.56,3080000000000.0,45889.61102,8.674904114,3.171,2.35,0.089663385,123.8487146,90.1,100.53,59.95134144,80.7,3.6,4.2,58.363
478,2021,YR2021,China,CHN,1.164,15900000000000.0,11223.25535,8.448469417,,,0.077078082,129.3662166,109.76,109.89,38.11356525,78.211,5.1,7.0,
479,2021,YR2021,Japan,JPN,1.3,4490000000000.0,35701.45427,2.559320239,,,0.032510727,105.2118123,95.82,100.37,53.53661083,84.44560976,1.8,2.3,53.546
